Timestamp,TimestampReceived,Ion1,Ion2,Metabolite1,Metabolite2,Notes
1773439938.526474,1773439938.526489,27.56,51.85,2.478,2.49,Seq: 0  
1773439939.526474,1773439939.501371,27.61,51.79,2.486,2.498,Seq: 1  
1773439940.526474,1773439940.513665,27.61,51.78,2.493,2.504,Seq: 2  
1773439941.526474,1773439941.526355,27.61,51.71,2.499,2.51,Seq: 3  
1773439942.526474,1773439942.538732,27.65,51.7,2.505,2.516,Seq: 4  
1773439943.526474,1773439943.8061562,27.67,51.69,2.511,2.521,Seq: 5  
1773439944.526474,1773439944.7967901,27.7,51.68,2.515,2.526,Seq: 6  
1773439945.526474,1773439945.786365,27.71,51.69,2.519,2.529,Seq: 7  
1773439946.526474,1773439946.775727,27.71,51.71,2.523,2.534,Seq: 8  
1773439947.526474,1773439947.765921,27.71,51.67,2.528,2.538,Seq: 9  
1773439948.526474,1773439948.755899,27.74,51.69,2.532,2.543,Seq: 10  
1773439949.526474,1773439949.74597,27.75,51.71,2.536,2.546,Seq: 11  
1773439950.526474,1773439950.735969,27.78,51.69,2.539,2.55,Seq: 12  
1773439951.526474,1773439951.7258859,27.82,51.71,2.544,2.554,Seq: 13  
1773439952.526474,1773439952.715744,27.85,51.69,2.547,2.557,Seq: 14  
1773439953.526474,1773439953.705494,27.86,51.65,2.55,2.561,Seq: 15  
1773439954.526474,1773439954.6954,27.88,51.54,2.553,2.564,Seq: 16  
1773439955.526474,1773439955.6856031,27.89,51.43,2.557,2.567,Seq: 17  
1773439956.526474,1773439956.675346,27.91,51.27,2.56,2.57,Seq: 18  
1773439957.526474,1773439957.6653771,27.92,51.11,2.563,2.572,Seq: 19  
1773439958.526474,1773439958.655309,27.95,51.03,2.565,2.574,Seq: 20  
1773439959.526474,1773439960.1399999,28.0,50.98,2.566,2.576,Seq: 21  
1773439960.526474,1773439961.130244,28.04,50.97,2.568,2.578,Seq: 22  
1773439961.526474,1773439962.11995,28.15,51.04,2.57,2.58,Seq: 23  
1773439962.526474,1773439963.110187,28.25,51.15,2.571,2.581,Seq: 24  
1773439963.526474,1773439964.1000772,28.29,51.32,2.572,2.582,Seq: 25  
1773439964.526474,1773439965.09089,28.32,51.47,2.572,2.583,Seq: 26  
1773439965.526474,1773439966.079807,28.34,51.62,2.573,2.584,Seq: 27  
1773439966.526474,1773439967.069923,28.34,51.79,2.574,2.585,Seq: 28  
1773439967.526474,1773439968.060069,28.35,51.91,2.575,2.586,Seq: 29  
1773439968.526474,1773439969.049831,28.35,51.96,2.577,2.588,Seq: 30  
1773439969.526474,1773439970.0398111,28.37,51.97,2.578,2.589,Seq: 31  
1773439970.526474,1773439971.0297542,28.34,51.92,2.579,2.59,Seq: 32  
1773439971.526474,1773439972.020077,28.34,51.79,2.581,2.592,Seq: 33  
1773439972.526474,1773439973.010189,28.33,51.65,2.583,2.594,Seq: 34  
1773439973.526474,1773439973.999424,28.33,51.47,2.584,2.595,Seq: 35  
1773439974.526474,1773439974.9895191,28.32,51.29,2.586,2.596,Seq: 36  
1773439975.526474,1773439975.9795609,28.33,51.1,2.587,2.597,Seq: 37  
1773439976.526474,1773439976.969283,28.32,50.91,2.589,2.599,Seq: 38  
1773439977.526474,1773439977.959409,28.31,50.69,2.59,2.6,Seq: 39  
1773439978.526474,1773439978.949353,28.31,50.5,2.592,2.602,Seq: 40  
1773439979.526474,1773439979.939283,28.32,50.29,2.593,2.602,Seq: 41  
1773439980.526474,1773439980.92914,28.28,50.1,2.594,2.603,Seq: 42  
1773439981.526474,1773439981.919239,28.3,49.98,2.594,2.603,Seq: 43  
1773439982.526474,1773439982.9089909,28.31,49.93,2.595,2.604,Seq: 44  
1773439983.526474,1773439983.899013,28.33,49.83,2.596,2.604,Seq: 45  
1773439984.526474,1773439984.888876,28.33,49.75,2.596,2.604,Seq: 46  
1773439985.526474,1773439985.878553,28.34,49.7,2.596,2.605,Seq: 47  
1773439986.526474,1773439986.868576,28.36,49.67,2.596,2.605,Seq: 48  
1773439987.526474,1773439988.353835,28.36,49.66,2.596,2.605,Seq: 49  
1773439988.526474,1773439989.343789,28.36,49.65,2.597,2.606,Seq: 50  
1773439989.526474,1773439990.333719,28.37,49.57,2.597,2.606,Seq: 51  
1773439990.526474,1773439991.323708,28.37,49.55,2.598,2.607,Seq: 52  
1773439991.526474,1773439992.313559,28.36,49.5,2.599,2.608,Seq: 53  
1773439992.526474,1773439993.3034968,28.34,49.35,2.6,2.608,Seq: 54  
1773439993.526474,1773439994.293202,28.31,49.24,2.6,2.609,Seq: 55  
1773439994.526474,1773439995.283566,28.29,49.12,2.601,2.609,Seq: 56  
1773439995.526474,1773439996.273264,28.3,49.05,2.602,2.61,Seq: 57  
1773439996.526474,1773439997.26335,28.29,49.06,2.602,2.609,Seq: 58  
1773439997.526474,1773439998.253306,28.25,49.09,2.602,2.609,Seq: 59  
1773439998.526474,1773439999.243247,28.25,49.06,2.602,2.61,Seq: 60  
1773439999.526474,1773440000.233262,28.23,49.01,2.603,2.611,Seq: 61  
1773440000.526474,1773440001.223186,28.26,48.93,2.603,2.611,Seq: 62  
1773440001.526474,1773440002.213193,28.25,48.84,2.604,2.612,Seq: 63  
1773440002.526474,1773440003.203013,28.24,48.84,2.604,2.612,Seq: 64  
1773440003.526474,1773440004.193527,28.24,48.89,2.604,2.612,Seq: 65  
1773440004.526474,1773440005.182955,28.23,49.0,2.604,2.612,Seq: 66  
1773440005.526474,1773440006.172811,28.2,49.06,2.605,2.612,Seq: 67  
1773440006.526474,1773440007.162952,28.18,49.19,2.605,2.613,Seq: 68  
1773440007.526474,1773440008.152576,28.16,49.21,2.605,2.613,Seq: 69  
1773440008.526474,1773440009.1422749,28.18,49.19,2.606,2.614,Seq: 70  
1773440009.526474,1773440010.1327481,28.18,49.16,2.606,2.614,Seq: 71  
1773440010.526474,1773440011.122633,28.13,49.11,2.607,2.615,Seq: 72  
1773440011.526474,1773440012.1126409,28.15,49.1,2.607,2.615,Seq: 73  
1773440012.526474,1773440013.102592,28.14,48.99,2.608,2.616,Seq: 74  
1773440013.526474,1773440014.092527,28.15,48.92,2.608,2.616,Seq: 75  
1773440014.526474,1773440015.5774698,28.12,48.84,2.609,2.616,Seq: 76  
1773440015.526474,1773440016.567261,28.13,48.75,2.609,2.617,Seq: 77  
1773440016.526474,1773440017.557334,28.11,48.67,2.61,2.617,Seq: 78  
1773440017.526474,1773440018.547303,28.11,48.57,2.61,2.617,Seq: 79  
1773440018.526474,1773440019.5373058,28.1,48.46,2.61,2.617,Seq: 80  
1773440019.526474,1773440020.52722,28.09,48.38,2.61,2.617,Seq: 81  
1773440020.526474,1773440021.5170798,28.07,48.28,2.61,2.617,Seq: 82  
1773440021.526474,1773440022.507103,28.06,48.21,2.61,2.617,Seq: 83  
1773440022.526474,1773440023.496554,28.04,48.09,2.611,2.617,Seq: 84  
1773440023.526474,1773440024.486898,28.03,48.02,2.611,2.618,Seq: 85  
1773440024.526474,1773440025.476869,28.01,47.95,2.611,2.617,Seq: 86  
1773440025.526474,1773440026.466703,28.0,47.82,2.611,2.617,Seq: 87  
1773440026.526474,1773440027.4567099,27.97,47.71,2.611,2.617,Seq: 88  
1773440027.526474,1773440028.447382,27.96,47.62,2.611,2.617,Seq: 89  
1773440028.526474,1773440029.436629,27.96,47.49,2.611,2.617,Seq: 90  
1773440029.526474,1773440030.426486,27.95,47.39,2.612,2.617,Seq: 91  
1773440030.526474,1773440031.4165359,27.95,47.31,2.612,2.617,Seq: 92  
1773440031.526474,1773440032.406465,27.93,47.22,2.613,2.618,Seq: 93  
1773440032.526474,1773440033.396523,27.94,47.15,2.613,2.618,Seq: 94  
1773440033.526474,1773440034.3862529,27.92,47.07,2.613,2.618,Seq: 95  
1773440034.526474,1773440035.3758101,27.93,46.97,2.614,2.619,Seq: 96  
1773440035.526474,1773440036.366123,27.91,46.9,2.614,2.619,Seq: 97  
1773440036.526474,1773440037.356144,27.91,46.85,2.614,2.619,Seq: 98  
1773440037.526474,1773440038.346113,27.92,46.77,2.615,2.62,Seq: 99  
1773440038.526474,1773440039.336081,27.89,46.68,2.615,2.62,Seq: 100  
1773440039.526474,1773440040.32606,27.9,46.61,2.616,2.62,Seq: 101  
1773440040.526474,1773440041.3159971,27.88,46.52,2.616,2.621,Seq: 102  
1773440041.526474,1773440042.800887,27.89,46.42,2.616,2.621,Seq: 103  
1773440042.526474,1773440043.790763,27.87,46.36,2.616,2.621,Seq: 104  
1773440043.526474,1773440044.7808862,27.86,46.27,2.617,2.621,Seq: 105  
1773440044.526474,1773440045.770854,27.86,46.27,2.617,2.622,Seq: 106  
1773440045.526474,1773440046.7605882,27.86,46.23,2.618,2.622,Seq: 107  
1773440046.526474,1773440047.7506142,27.86,46.21,2.618,2.622,Seq: 108  
1773440047.526474,1773440048.740621,27.84,46.19,2.618,2.622,Seq: 109  
1773440048.526474,1773440049.730586,27.8,46.14,2.618,2.622,Seq: 110  
1773440049.526474,1773440050.721132,27.8,46.09,2.618,2.622,Seq: 111  
1773440050.526474,1773440051.710535,27.8,46.08,2.619,2.623,Seq: 112  
1773440051.526474,1773440052.700222,27.78,46.01,2.62,2.623,Seq: 113  
1773440052.526474,1773440053.6904712,27.76,46.0,2.62,2.624,Seq: 114  
1773440053.526474,1773440054.680244,27.72,45.93,2.62,2.625,Seq: 115  
1773440054.526474,1773440056.166115,27.71,45.87,2.621,2.624,Seq: 116  
1773440055.526474,1773440056.660348,27.7,45.88,2.621,2.624,Seq: 117  
1773440056.526474,1773440059.1351461,27.66,45.87,2.621,2.624,Seq: 118  
1773440057.526474,1773440059.13802,27.67,46.03,2.62,2.624,Seq: 119  
1773440058.526474,1773440060.12529,27.65,46.13,2.62,2.623,Seq: 120  
1773440059.526474,1773440062.1048532,27.63,46.17,2.62,2.624,Seq: 121  
1773440060.526474,1773440062.107863,27.6,46.26,2.621,2.624,Seq: 122  
1773440061.526474,1773440066.5595999,27.63,46.3,2.622,2.626,Seq: 123  
1773440062.526474,1773440066.562523,27.62,46.39,2.622,2.626,Seq: 124  
1773440063.526474,1773440066.564313,27.59,46.36,2.623,2.627,Seq: 125  
1773440064.526474,1773440066.56606,27.6,46.35,2.625,2.628,Seq: 126  
1773440065.526474,1773440066.567826,27.59,46.34,2.626,2.63,Seq: 127  
1773440066.526474,1773440067.549765,27.58,46.34,2.627,2.631,Seq: 128  
1773440067.526474,1773440068.539645,27.55,46.34,2.627,2.631,Seq: 129  
1773440068.526474,1773440070.5194988,27.55,46.34,2.628,2.632,Seq: 130  
1773440069.526474,1773440071.0144172,27.54,46.32,2.629,2.633,Seq: 131  
1773440070.526474,1773440072.994217,27.55,46.28,2.63,2.633,Seq: 132  
1773440071.526474,1773440072.997239,27.53,46.27,2.63,2.633,Seq: 133  
1773440072.526474,1773440073.984226,27.5,46.22,2.631,2.634,Seq: 134  
1773440073.526474,1773440075.4696898,27.51,46.21,2.631,2.634,Seq: 135  
1773440074.526474,1773440075.964225,27.5,46.19,2.631,2.634,Seq: 136  
1773440075.526474,1773440076.954105,27.51,46.15,2.631,2.634,Seq: 137  
1773440076.526474,1773440077.9440188,27.47,46.11,2.631,2.634,Seq: 138  
1773440077.526474,1773440078.934135,27.49,46.1,2.632,2.635,Seq: 139  
1773440078.526474,1773440079.9239779,27.48,46.04,2.632,2.635,Seq: 140  
1773440079.526474,1773440080.913847,27.47,46.01,2.632,2.635,Seq: 141  
1773440080.526474,1773440082.3997478,27.46,46.0,2.632,2.634,Seq: 142  
1773440081.526474,1773440082.89366,27.45,45.94,2.632,2.634,Seq: 143  
1773440082.526474,1773440083.8844519,27.45,45.92,2.632,2.634,Seq: 144  
1773440083.526474,1773440084.873561,27.43,45.9,2.632,2.634,Seq: 145  
1773440084.526474,1773440085.863605,27.42,45.84,2.632,2.634,Seq: 146  
1773440085.526474,1773440086.853565,27.42,45.87,2.631,2.634,Seq: 147  
1773440086.526474,1773440087.842632,27.41,45.84,2.631,2.634,Seq: 148  
1773440087.526474,1773440088.833545,27.39,45.82,2.632,2.634,Seq: 149  
1773440088.526474,1773440089.823526,27.41,45.81,2.631,2.633,Seq: 150  
1773440089.526474,1773440090.813366,27.37,45.8,2.631,2.633,Seq: 151  
1773440090.526474,1773440091.803354,27.38,45.77,2.63,2.633,Seq: 152  
1773440091.526474,1773440092.793294,27.38,45.9,2.63,2.631,Seq: 153  
1773440092.526474,1773440093.783992,27.21,46.48,2.625,2.625,Seq: 154  
1773440093.526474,1773440094.77315,27.18,49.91,2.617,2.619,Seq: 155  
1773440094.526474,1773440096.258167,27.16,54.51,2.609,2.616,Seq: 156  
1773440095.526474,1773440097.2480478,27.14,58.85,2.604,2.615,Seq: 157  
1773440096.526474,1773440098.23788,27.15,62.76,2.599,2.613,Seq: 158  
1773440097.526474,1773440099.2279239,27.16,66.04,2.596,2.612,Seq: 159  
1773440098.526474,1773440100.217973,27.16,69.03,2.593,2.612,Seq: 160  
1773440099.526474,1773440101.207849,27.17,71.52,2.59,2.611,Seq: 161  
1773440100.526474,1773440102.1980782,27.15,73.79,2.589,2.611,Seq: 162  
1773440101.526474,1773440103.18778,27.15,75.78,2.588,2.611,Seq: 163  
1773440102.526474,1773440104.177705,27.13,77.39,2.587,2.611,Seq: 164  
1773440103.526474,1773440105.167772,27.13,78.81,2.587,2.612,Seq: 165  
1773440104.526474,1773440106.157477,27.11,80.0,2.587,2.613,Seq: 166  
1773440105.526474,1773440107.1475182,27.11,81.08,2.587,2.614,Seq: 167  
1773440106.526474,1773440108.137913,27.11,81.93,2.587,2.615,Seq: 168  
1773440107.526474,1773440109.127307,27.08,82.71,2.587,2.615,Seq: 169  
1773440108.526474,1773440110.117315,27.08,83.35,2.588,2.616,Seq: 170  
1773440109.526474,1773440111.1076632,27.08,83.91,2.588,2.616,Seq: 171  
1773440110.526474,1773440112.097065,27.07,84.39,2.589,2.617,Seq: 172  
1773440111.526474,1773440113.087049,27.07,84.8,2.589,2.618,Seq: 173  
1773440112.526474,1773440114.077098,27.05,85.18,2.59,2.619,Seq: 174  
1773440113.526474,1773440115.067068,27.04,85.49,2.59,2.619,Seq: 175  
1773440114.526474,1773440116.0570412,27.04,85.77,2.59,2.619,Seq: 176  
1773440115.526474,1773440117.046996,27.04,85.99,2.59,2.62,Seq: 177  
1773440116.526474,1773440118.036874,27.02,86.15,2.591,2.621,Seq: 178  
1773440117.526474,1773440119.025971,27.01,86.35,2.591,2.621,Seq: 179  
1773440118.526474,1773440120.0168161,27.01,86.47,2.591,2.621,Seq: 180  
1773440119.526474,1773440121.0067592,27.0,86.53,2.592,2.621,Seq: 181  
1773440120.526474,1773440122.491708,26.99,86.61,2.592,2.621,Seq: 182  
1773440121.526474,1773440123.4821,27.0,86.59,2.591,2.622,Seq: 183  
1773440122.526474,1773440124.471912,26.98,86.58,2.591,2.621,Seq: 184  
1773440123.526474,1773440125.461537,26.98,86.54,2.592,2.621,Seq: 185  
1773440124.526474,1773440126.451493,26.99,86.41,2.592,2.622,Seq: 186  
1773440125.526474,1773440127.441499,26.96,86.32,2.592,2.621,Seq: 187  
1773440126.526474,1773440128.431505,26.96,86.17,2.592,2.621,Seq: 188  
1773440127.526474,1773440129.9163299,26.96,86.05,2.591,2.621,Seq: 189  
1773440128.526474,1773440130.411162,26.93,85.9,2.591,2.62,Seq: 190  
1773440129.526474,1773440131.402015,26.94,85.75,2.591,2.621,Seq: 191  
1773440130.526474,1773440132.391169,26.94,85.56,2.591,2.62,Seq: 192  
1773440131.526474,1773440133.381978,26.95,85.37,2.591,2.62,Seq: 193  
1773440132.526474,1773440134.371266,26.92,85.12,2.592,2.62,Seq: 194  
1773440133.526474,1773440135.360975,26.92,84.85,2.591,2.62,Seq: 195  
1773440134.526474,1773440136.3508692,26.9,84.54,2.591,2.619,Seq: 196  
1773440135.526474,1773440137.34074,26.91,84.22,2.592,2.62,Seq: 197  
1773440136.526474,1773440138.330827,26.9,83.91,2.592,2.62,Seq: 198  
1773440137.526474,1773440139.320827,26.89,83.7,2.592,2.62,Seq: 199  
1773440138.526474,1773440140.310812,26.88,83.42,2.592,2.62,Seq: 200  
1773440139.526474,1773440141.300544,26.86,83.18,2.592,2.62,Seq: 201  
1773440140.526474,1773440142.290505,26.86,82.98,2.592,2.62,Seq: 202  
1773440141.526474,1773440143.280538,26.84,82.79,2.593,2.62,Seq: 203  
1773440142.526474,1773440144.2704868,26.83,82.58,2.594,2.621,Seq: 204  
1773440143.526474,1773440145.2605472,26.83,82.4,2.594,2.621,Seq: 205  
1773440144.526474,1773440146.250235,26.81,82.22,2.594,2.622,Seq: 206  
1773440145.526474,1773440147.240469,26.79,82.03,2.595,2.622,Seq: 207  
1773440146.526474,1773440148.230434,26.78,81.85,2.596,2.622,Seq: 208  
1773440147.526474,1773440149.715271,26.79,81.68,2.596,2.623,Seq: 209  
1773440148.526474,1773440150.706067,26.76,81.48,2.596,2.623,Seq: 210  
1773440149.526474,1773440151.69514,26.74,81.31,2.597,2.623,Seq: 211  
1773440150.526474,1773440152.685194,26.76,81.12,2.598,2.624,Seq: 212  
1773440151.526474,1773440153.675411,26.71,80.91,2.598,2.624,Seq: 213  
1773440152.526474,1773440154.6650162,26.72,80.73,2.598,2.625,Seq: 214  
1773440153.526474,1773440155.6549249,26.71,80.53,2.599,2.625,Seq: 215  
1773440154.526474,1773440156.644925,26.69,80.32,2.6,2.625,Seq: 216  
1773440155.526474,1773440157.635565,26.69,80.15,2.6,2.626,Seq: 217  
1773440156.526474,1773440158.624665,26.68,79.94,2.601,2.626,Seq: 218  
1773440157.526474,1773440160.6045032,26.68,79.79,2.601,2.626,Seq: 219  
1773440158.526474,1773440160.6073508,26.69,79.67,2.602,2.627,Seq: 220  
1773440159.526474,1773440161.594726,26.67,79.5,2.602,2.627,Seq: 221  
1773440160.526474,1773440162.5848122,26.66,79.34,2.602,2.627,Seq: 222  
1773440161.526474,1773440163.574617,26.65,79.23,2.603,2.627,Seq: 223  
1773440162.526474,1773440164.564434,26.64,79.12,2.603,2.627,Seq: 224  
1773440163.526474,1773440165.554579,26.62,79.01,2.603,2.627,Seq: 225  
1773440164.526474,1773440166.5444431,26.62,78.89,2.604,2.628,Seq: 226  
1773440165.526474,1773440167.5345979,26.62,78.78,2.604,2.629,Seq: 227  
1773440166.526474,1773440168.5242891,26.61,78.65,2.604,2.629,Seq: 228  
1773440167.526474,1773440169.514268,26.61,78.54,2.604,2.629,Seq: 229  
1773440168.526474,1773440170.9991632,26.59,78.44,2.605,2.629,Seq: 230  
1773440169.526474,1773440171.494118,26.6,78.34,2.604,2.629,Seq: 231  
1773440170.526474,1773440172.484153,26.6,78.28,2.605,2.629,Seq: 232  
1773440171.526474,1773440173.47405,26.56,78.17,2.605,2.629,Seq: 233  
1773440172.526474,1773440174.463924,26.56,78.07,2.605,2.629,Seq: 234  
1773440173.526474,1773440175.9495091,26.57,78.0,2.605,2.629,Seq: 235  
1773440174.526474,1773440176.938905,26.56,77.93,2.606,2.629,Seq: 236  
1773440175.526474,1773440177.9286718,26.53,77.84,2.606,2.629,Seq: 237  
1773440176.526474,1773440178.918806,26.52,77.76,2.605,2.629,Seq: 238  
1773440177.526474,1773440179.90878,26.52,77.69,2.606,2.629,Seq: 239  
1773440178.526474,1773440180.89871,26.54,77.62,2.606,2.629,Seq: 240  
1773440179.526474,1773440182.3837318,26.51,77.55,2.606,2.629,Seq: 241  
1773440180.526474,1773440182.878586,26.49,77.49,2.606,2.629,Seq: 242  
1773440181.526474,1773440183.868545,26.49,77.42,2.606,2.63,Seq: 243  
1773440182.526474,1773440184.858561,26.46,77.37,2.606,2.629,Seq: 244  
1773440183.526474,1773440185.848434,26.48,77.28,2.607,2.63,Seq: 245  
1773440184.526474,1773440186.8387032,26.45,77.22,2.607,2.63,Seq: 246  
1773440185.526474,1773440187.828335,26.46,77.14,2.607,2.63,Seq: 247  
1773440186.526474,1773440188.818249,26.44,77.07,2.608,2.631,Seq: 248  
1773440187.526474,1773440189.80812,26.45,76.97,2.608,2.631,Seq: 249  
1773440188.526474,1773440190.7981482,26.41,76.93,2.608,2.631,Seq: 250  
1773440189.526474,1773440191.788126,26.41,76.84,2.608,2.631,Seq: 251  
1773440190.526474,1773440192.777909,26.41,76.79,2.608,2.631,Seq: 252  
1773440191.526474,1773440193.768138,26.38,76.67,2.608,2.631,Seq: 253  
1773440192.526474,1773440194.758049,26.4,76.58,2.609,2.631,Seq: 254  
1773440193.526474,1773440195.7479758,26.39,76.5,2.609,2.632,Seq: 255  
1773440194.526474,1773440196.7378201,26.39,76.4,2.609,2.632,Seq: 256  
1773440195.526474,1773440197.7263908,26.36,76.28,2.609,2.632,Seq: 257  
1773440196.526474,1773440198.71778,26.37,76.16,2.61,2.633,Seq: 258  
1773440197.526474,1773440199.9682379,26.35,76.04,2.61,2.632,Seq: 259  
1773440198.526474,1773440200.69693,26.36,75.93,2.61,2.633,Seq: 260  
1773440199.526474,1773440202.6777081,26.36,75.84,2.611,2.633,Seq: 261  
1773440200.526474,1773440203.6672,26.34,75.74,2.611,2.634,Seq: 262  
1773440201.526474,1773440204.161586,26.33,75.63,2.612,2.633,Seq: 263  
1773440202.526474,1773440205.1525888,26.32,75.52,2.612,2.634,Seq: 264  
1773440203.526474,1773440206.646462,26.31,75.43,2.612,2.634,Seq: 265  
1773440204.526474,1773440207.1323419,26.31,75.34,2.613,2.634,Seq: 266  
1773440205.526474,1773440208.123023,26.29,75.22,2.613,2.635,Seq: 267  
1773440206.526474,1773440209.607048,26.32,75.14,2.614,2.635,Seq: 268  
1773440207.526474,1773440210.102532,26.3,75.09,2.614,2.635,Seq: 269  
1773440208.526474,1773440211.09206,26.28,74.99,2.614,2.635,Seq: 270  
1773440209.526474,1773440212.0819678,26.29,74.92,2.615,2.636,Seq: 271  
1773440210.526474,1773440213.071999,26.28,74.9,2.615,2.637,Seq: 272  
1773440211.526474,1773440214.0613132,26.27,74.82,2.615,2.637,Seq: 273  
1773440212.526474,1773440215.051731,26.26,74.77,2.616,2.637,Seq: 274  
1773440213.526474,1773440216.041944,26.26,74.69,2.616,2.637,Seq: 275  
1773440214.526474,1773440217.031808,26.24,74.65,2.616,2.637,Seq: 276  
1773440215.526474,1773440218.0218558,26.26,74.61,2.616,2.638,Seq: 277  
1773440216.526474,1773440219.010896,26.26,74.55,2.616,2.637,Seq: 278  
1773440217.526474,1773440220.0013762,26.25,74.51,2.616,2.637,Seq: 279  
1773440218.526474,1773440220.992693,26.24,74.45,2.617,2.638,Seq: 280  
1773440219.526474,1773440222.4764462,26.24,74.41,2.617,2.638,Seq: 281  
1773440220.526474,1773440222.9713678,26.23,74.38,2.617,2.638,Seq: 282  
1773440221.526474,1773440223.961303,26.22,74.31,2.617,2.638,Seq: 283  
1773440222.526474,1773440224.951559,26.22,74.3,2.617,2.638,Seq: 284  
1773440223.526474,1773440225.9413738,26.21,74.26,2.617,2.638,Seq: 285  
1773440224.526474,1773440227.4263492,26.22,74.23,2.617,2.638,Seq: 286  
1773440225.526474,1773440228.4162722,26.2,74.17,2.618,2.638,Seq: 287  
1773440226.526474,1773440229.406162,26.19,74.15,2.617,2.638,Seq: 288  
1773440227.526474,1773440230.396146,26.2,74.13,2.618,2.638,Seq: 289  
1773440228.526474,1773440231.385991,26.2,74.1,2.618,2.639,Seq: 290  
1773440229.526474,1773440232.375959,26.17,74.05,2.618,2.639,Seq: 291  
1773440230.526474,1773440233.3660522,26.18,74.03,2.618,2.639,Seq: 292  
1773440231.526474,1773440234.355888,26.17,74.01,2.618,2.639,Seq: 293  
1773440232.526474,1773440235.345859,26.18,73.99,2.619,2.639,Seq: 294  
1773440233.526474,1773440236.335772,26.16,73.95,2.619,2.639,Seq: 295  
1773440234.526474,1773440237.325642,26.15,73.91,2.619,2.639,Seq: 296  
1773440235.526474,1773440238.323297,26.16,73.89,2.619,2.64,Seq: 297  
1773440236.526474,1773440239.3057141,26.14,73.87,2.619,2.64,Seq: 298  
1773440237.526474,1773440240.294688,26.16,73.83,2.619,2.64,Seq: 299  
1773440238.526474,1773440241.285536,26.1,73.81,2.62,2.64,Seq: 300  
1773440239.526474,1773440242.275435,26.14,73.82,2.62,2.64,Seq: 301  
1773440240.526474,1773440243.265376,26.12,73.77,2.62,2.64,Seq: 302  
1773440241.526474,1773440244.25507,26.12,73.76,2.62,2.64,Seq: 303  
1773440242.526474,1773440245.245358,26.1,73.71,2.62,2.641,Seq: 304  
1773440243.526474,1773440246.23477,26.13,73.69,2.62,2.641,Seq: 305  
1773440244.526474,1773440247.2249851,26.09,73.62,2.621,2.641,Seq: 306  
1773440245.526474,1773440248.21436,26.08,73.56,2.621,2.641,Seq: 307  
1773440246.526474,1773440249.205239,26.08,73.51,2.621,2.641,Seq: 308  
1773440247.526474,1773440250.19451,26.07,73.46,2.621,2.641,Seq: 309  
1773440248.526474,1773440251.1843882,26.06,73.39,2.622,2.642,Seq: 310  
1773440249.526474,1773440252.174367,26.04,73.33,2.622,2.642,Seq: 311  
1773440250.526474,1773440253.6590462,26.04,73.31,2.623,2.642,Seq: 312  
1773440251.526474,1773440254.6488729,26.04,73.26,2.623,2.642,Seq: 313  
1773440252.526474,1773440256.133768,26.05,73.22,2.623,2.644,Seq: 314  
1773440253.526474,1773440256.62872,26.03,73.18,2.624,2.644,Seq: 315  
1773440254.526474,1773440258.113702,26.06,73.18,2.624,2.644,Seq: 316  
1773440255.526474,1773440258.6085958,26.02,73.12,2.624,2.644,Seq: 317  
1773440256.526474,1773440259.598707,26.02,73.09,2.625,2.644,Seq: 318  
1773440257.526474,1773440260.588244,26.01,73.07,2.625,2.645,Seq: 319  
1773440258.526474,1773440261.578404,26.01,73.01,2.626,2.645,Seq: 320  
1773440259.526474,1773440262.568654,26.03,72.99,2.625,2.645,Seq: 321  
1773440260.526474,1773440263.55823,26.0,72.96,2.626,2.645,Seq: 322  
1773440261.526474,1773440264.548201,26.0,72.94,2.626,2.646,Seq: 323  
1773440262.526474,1773440265.5381842,25.99,72.92,2.627,2.646,Seq: 324  
1773440263.526474,1773440266.527954,25.99,72.91,2.628,2.647,Seq: 325  
1773440264.526474,1773440267.517833,26.0,72.89,2.627,2.647,Seq: 326  
1773440265.526474,1773440268.508604,25.97,72.86,2.628,2.647,Seq: 327  
1773440266.526474,1773440269.497783,26.0,72.83,2.628,2.648,Seq: 328  
1773440267.526474,1773440270.4875998,25.97,72.8,2.628,2.647,Seq: 329  
1773440268.526474,1773440271.972604,25.97,72.81,2.629,2.648,Seq: 330  
1773440269.526474,1773440272.467356,25.96,72.74,2.629,2.648,Seq: 331  
1773440270.526474,1773440273.952221,25.96,72.73,2.629,2.648,Seq: 332  
1773440271.526474,1773440274.447319,25.96,72.73,2.629,2.648,Seq: 333  
1773440272.526474,1773440275.437345,25.95,72.69,2.628,2.648,Seq: 334  
1773440273.526474,1773440276.427209,25.94,72.63,2.629,2.648,Seq: 335  
1773440274.526474,1773440277.417273,25.95,72.65,2.629,2.648,Seq: 336  
1773440275.526474,1773440278.4071898,25.94,72.61,2.629,2.648,Seq: 337  
1773440276.526474,1773440279.892015,25.92,72.61,2.629,2.649,Seq: 338  
1773440277.526474,1773440280.881864,25.94,72.59,2.63,2.649,Seq: 339  
1773440278.526474,1773440281.871988,25.91,72.55,2.63,2.648,Seq: 340  
1773440279.526474,1773440282.861275,25.91,72.55,2.63,2.648,Seq: 341  
1773440280.526474,1773440283.851729,25.92,72.57,2.629,2.648,Seq: 342  
1773440281.526474,1773440284.841747,25.92,72.55,2.629,2.649,Seq: 343  
1773440282.526474,1773440285.832253,25.89,72.57,2.63,2.648,Seq: 344  
1773440283.526474,1773440286.821677,25.88,72.55,2.629,2.648,Seq: 345  
1773440284.526474,1773440287.811561,25.89,72.53,2.63,2.649,Seq: 346  
1773440285.526474,1773440289.296217,25.87,72.53,2.63,2.649,Seq: 347  
1773440286.526474,1773440289.791201,25.88,72.53,2.63,2.649,Seq: 348  
1773440287.526474,1773440290.781293,25.87,72.52,2.63,2.649,Seq: 349  
1773440288.526474,1773440291.771152,25.85,72.5,2.63,2.649,Seq: 350  
1773440289.526474,1773440292.761028,25.85,72.52,2.631,2.649,Seq: 351  
1773440290.526474,1773440293.751193,25.85,72.54,2.63,2.649,Seq: 352  
1773440291.526474,1773440294.741086,25.85,72.51,2.63,2.649,Seq: 353  
1773440292.526474,1773440295.731128,25.86,72.5,2.63,2.649,Seq: 354  
1773440293.526474,1773440296.721961,25.85,72.51,2.63,2.649,Seq: 355  
1773440294.526474,1773440297.710913,25.84,72.48,2.63,2.649,Seq: 356  
1773440295.526474,1773440299.196031,25.82,72.46,2.63,2.649,Seq: 357  
1773440296.526474,1773440299.6905499,25.84,72.44,2.631,2.649,Seq: 358  
1773440297.526474,1773440300.6806278,25.84,72.42,2.631,2.649,Seq: 359  
1773440298.526474,1773440302.1657429,25.83,72.4,2.631,2.65,Seq: 360  
1773440299.526474,1773440302.660538,25.81,72.41,2.631,2.649,Seq: 361  
1773440300.526474,1773440303.6506162,25.78,72.42,2.631,2.649,Seq: 362  
1773440301.526474,1773440305.1356668,25.8,72.43,2.631,2.649,Seq: 363  
1773440302.526474,1773440306.125386,25.83,72.41,2.631,2.649,Seq: 364  
1773440303.526474,1773440307.115262,25.8,72.4,2.631,2.65,Seq: 365  
1773440304.526474,1773440308.105097,25.8,72.38,2.631,2.65,Seq: 366  
1773440305.526474,1773440309.095218,25.81,72.33,2.631,2.65,Seq: 367  
1773440306.526474,1773440310.085863,25.79,72.34,2.632,2.65,Seq: 368  
1773440307.526474,1773440311.075252,25.81,72.31,2.631,2.65,Seq: 369  
1773440308.526474,1773440312.5600839,25.78,72.27,2.631,2.65,Seq: 370  
1773440309.526474,1773440313.055053,25.77,72.31,2.632,2.65,Seq: 371  
1773440310.526474,1773440314.045021,25.78,72.3,2.631,2.65,Seq: 372  
1773440311.526474,1773440315.0351338,25.77,72.28,2.632,2.65,Seq: 373  
1773440312.526474,1773440316.0248241,25.78,72.28,2.632,2.65,Seq: 374  
1773440313.526474,1773440317.014765,25.75,72.3,2.632,2.65,Seq: 375  
1773440314.526474,1773440318.0049791,25.74,72.29,2.632,2.65,Seq: 376  
1773440315.526474,1773440318.9947429,25.74,72.26,2.632,2.65,Seq: 377  
1773440316.526474,1773440319.984668,25.74,72.29,2.632,2.651,Seq: 378  
1773440317.526474,1773440320.9745378,25.74,72.29,2.632,2.651,Seq: 379  
1773440318.526474,1773440321.964598,25.75,72.28,2.633,2.651,Seq: 380  
1773440319.526474,1773440322.9545112,25.74,72.29,2.633,2.651,Seq: 381  
1773440320.526474,1773440323.94444,25.74,72.26,2.632,2.651,Seq: 382  
1773440321.526474,1773440324.934548,25.73,72.23,2.633,2.651,Seq: 383  
1773440322.526474,1773440325.92434,25.73,72.23,2.633,2.652,Seq: 384  
1773440323.526474,1773440326.9143438,25.72,72.19,2.633,2.651,Seq: 385  
1773440324.526474,1773440327.9042702,25.72,72.18,2.633,2.651,Seq: 386  
1773440325.526474,1773440328.894177,25.74,72.18,2.633,2.652,Seq: 387  
1773440326.526474,1773440329.884181,25.69,72.19,2.634,2.652,Seq: 388  
1773440327.526474,1773440331.369069,25.71,72.13,2.634,2.652,Seq: 389  
1773440328.526474,1773440332.358844,25.7,72.14,2.634,2.652,Seq: 390  
1773440329.526474,1773440333.349024,25.7,72.14,2.634,2.652,Seq: 391  
1773440330.526474,1773440334.3387299,25.69,72.11,2.634,2.652,Seq: 392  
1773440331.526474,1773440335.328804,25.67,72.11,2.634,2.652,Seq: 393  
1773440332.526474,1773440336.318841,25.67,72.11,2.635,2.653,Seq: 394  
1773440333.526474,1773440337.308735,25.69,72.14,2.635,2.652,Seq: 395  
1773440334.526474,1773440338.2986078,25.67,72.13,2.634,2.652,Seq: 396  
1773440335.526474,1773440339.288315,25.68,72.13,2.635,2.653,Seq: 397  
1773440336.526474,1773440340.2785811,25.68,72.15,2.635,2.653,Seq: 398  
1773440337.526474,1773440341.2686648,25.69,72.15,2.635,2.653,Seq: 399  
1773440338.526474,1773440342.258284,25.66,72.2,2.635,2.652,Seq: 400  
1773440339.526474,1773440343.248322,25.67,72.17,2.634,2.653,Seq: 401  
1773440340.526474,1773440344.73294,25.67,72.21,2.635,2.653,Seq: 402  
1773440341.526474,1773440345.228197,25.66,72.22,2.635,2.653,Seq: 403  
1773440342.526474,1773440346.218483,25.67,72.23,2.635,2.653,Seq: 404  
1773440343.526474,1773440347.7030401,25.66,72.21,2.635,2.653,Seq: 405  
1773440344.526474,1773440348.198096,25.66,72.24,2.635,2.653,Seq: 406  
1773440345.526474,1773440349.187952,25.65,72.27,2.635,2.653,Seq: 407  
1773440346.526474,1773440350.1788778,25.66,72.26,2.635,2.653,Seq: 408  
1773440347.526474,1773440351.168198,25.66,72.29,2.635,2.653,Seq: 409  
1773440348.526474,1773440352.157866,25.64,72.26,2.635,2.653,Seq: 410  
1773440349.526474,1773440353.147887,25.63,72.29,2.635,2.653,Seq: 411  
1773440350.526474,1773440354.137909,25.61,72.26,2.634,2.652,Seq: 412  
1773440351.526474,1773440355.1276941,25.63,72.26,2.634,2.653,Seq: 413  
1773440352.526474,1773440357.10758,25.63,72.25,2.635,2.653,Seq: 414  
1773440353.526474,1773440357.602458,25.63,72.24,2.634,2.653,Seq: 415  
1773440354.526474,1773440358.593205,25.62,72.22,2.634,2.653,Seq: 416  
1773440355.526474,1773440359.582269,25.61,72.21,2.634,2.652,Seq: 417  
1773440356.526474,1773440360.5722032,25.6,72.21,2.634,2.653,Seq: 418  
1773440357.526474,1773440362.057352,25.58,72.18,2.635,2.652,Seq: 419  
1773440358.526474,1773440362.552259,25.6,72.15,2.634,2.653,Seq: 420  
1773440359.526474,1773440363.542058,25.58,72.03,2.635,2.653,Seq: 421  
1773440360.526474,1773440364.532936,25.61,71.98,2.635,2.653,Seq: 422  
1773440361.526474,1773440365.52211,25.57,71.94,2.635,2.654,Seq: 423  
1773440362.526474,1773440366.512191,25.57,71.91,2.635,2.653,Seq: 424  
1773440363.526474,1773440367.502085,25.58,71.87,2.635,2.653,Seq: 425  
1773440364.526474,1773440368.492861,25.55,71.84,2.636,2.653,Seq: 426  
1773440365.526474,1773440369.482187,25.57,71.83,2.636,2.654,Seq: 427  
1773440366.526474,1773440370.471807,25.56,71.84,2.636,2.654,Seq: 428  
1773440367.526474,1773440371.461864,25.55,71.83,2.637,2.654,Seq: 429  
1773440368.526474,1773440372.451706,25.54,71.79,2.637,2.654,Seq: 430  
1773440369.526474,1773440373.441708,25.55,71.8,2.636,2.654,Seq: 431  
1773440370.526474,1773440374.43227,25.53,71.8,2.636,2.654,Seq: 432  
1773440371.526474,1773440375.421741,25.53,71.8,2.637,2.655,Seq: 433  
1773440372.526474,1773440376.906445,25.54,71.81,2.637,2.655,Seq: 434  
1773440373.526474,1773440377.401404,25.55,71.81,2.638,2.655,Seq: 435  
1773440374.526474,1773440378.3912091,25.53,71.81,2.638,2.656,Seq: 436  
1773440375.526474,1773440379.381621,25.52,71.74,2.638,2.656,Seq: 437  
1773440376.526474,1773440380.371016,25.51,71.73,2.639,2.657,Seq: 438  
1773440377.526474,1773440381.856471,25.52,71.69,2.639,2.656,Seq: 439  
1773440378.526474,1773440382.846237,25.52,71.68,2.639,2.656,Seq: 440  
1773440379.526474,1773440384.331283,25.5,71.68,2.639,2.656,Seq: 441  
1773440380.526474,1773440384.826174,25.51,71.67,2.639,2.656,Seq: 442  
1773440381.526474,1773440385.815985,25.51,71.7,2.639,2.657,Seq: 443  
1773440382.526474,1773440386.806083,25.51,71.72,2.639,2.657,Seq: 444  
1773440383.526474,1773440388.2910519,25.51,71.74,2.639,2.657,Seq: 445  
1773440384.526474,1773440388.785943,25.48,71.74,2.64,2.657,Seq: 446  
1773440385.526474,1773440389.7763171,25.49,71.79,2.64,2.657,Seq: 447  
1773440386.526474,1773440390.76577,25.49,71.78,2.64,2.658,Seq: 448  
1773440387.526474,1773440391.7555032,25.49,71.78,2.64,2.657,Seq: 449  
1773440388.526474,1773440392.745613,25.48,71.8,2.64,2.658,Seq: 450  
1773440389.526474,1773440393.735678,25.48,71.83,2.641,2.658,Seq: 451  
1773440390.526474,1773440394.725675,25.49,71.83,2.64,2.657,Seq: 452  
1773440391.526474,1773440395.715512,25.47,71.85,2.64,2.657,Seq: 453  
1773440392.526474,1773440396.705391,25.5,71.88,2.64,2.657,Seq: 454  
1773440393.526474,1773440397.695571,25.49,71.87,2.64,2.657,Seq: 455  
1773440394.526474,1773440398.685353,25.49,71.88,2.64,2.657,Seq: 456  
1773440395.526474,1773440399.675387,25.47,71.9,2.64,2.657,Seq: 457  
1773440396.526474,1773440400.665268,25.46,71.88,2.639,2.657,Seq: 458  
1773440397.526474,1773440401.655204,25.47,71.91,2.639,2.656,Seq: 459  
1773440398.526474,1773440402.645203,25.46,71.91,2.639,2.656,Seq: 460  
1773440399.526474,1773440403.635258,25.47,71.94,2.639,2.657,Seq: 461  
1773440400.526474,1773440404.6257591,25.47,71.91,2.639,2.656,Seq: 462  
1773440401.526474,1773440405.615063,25.45,71.93,2.639,2.656,Seq: 463  
1773440402.526474,1773440407.0999398,25.45,71.91,2.639,2.656,Seq: 464  
1773440403.526474,1773440408.0898,25.43,71.87,2.639,2.656,Seq: 465  
1773440404.526474,1773440409.079952,25.44,71.91,2.639,2.656,Seq: 466  
1773440405.526474,1773440410.069623,25.44,71.85,2.639,2.656,Seq: 467  
1773440406.526474,1773440411.059608,25.45,71.86,2.639,2.656,Seq: 468  
1773440407.526474,1773440412.0493588,25.42,71.86,2.639,2.656,Seq: 469  
1773440408.526474,1773440413.039439,25.42,71.86,2.639,2.656,Seq: 470  
1773440409.526474,1773440414.030119,25.44,71.86,2.639,2.656,Seq: 471  
1773440410.526474,1773440415.019555,25.43,71.87,2.638,2.656,Seq: 472  
1773440411.526474,1773440416.0093951,25.42,71.86,2.639,2.656,Seq: 473  
1773440412.526474,1773440416.999412,25.43,71.84,2.639,2.656,Seq: 474  
1773440413.526474,1773440417.989305,25.42,71.87,2.639,2.656,Seq: 475  
1773440414.526474,1773440418.9791942,25.43,71.84,2.639,2.656,Seq: 476  
1773440415.526474,1773440420.463357,25.41,71.8,2.639,2.656,Seq: 477  
1773440416.526474,1773440420.95922,25.42,71.82,2.638,2.656,Seq: 478  
1773440417.526474,1773440421.949111,25.41,71.79,2.639,2.656,Seq: 479  
1773440418.526474,1773440423.43384,25.41,71.77,2.639,2.656,Seq: 480  
1773440419.526474,1773440423.929085,25.39,71.77,2.639,2.656,Seq: 481  
1773440420.526474,1773440424.919849,25.39,71.77,2.639,2.656,Seq: 482  
1773440421.526474,1773440425.909079,25.39,71.73,2.639,2.656,Seq: 483  
1773440422.526474,1773440426.8995628,25.38,71.73,2.639,2.657,Seq: 484  
1773440423.526474,1773440427.889749,25.38,71.75,2.639,2.657,Seq: 485  
1773440424.526474,1773440429.373744,25.36,71.69,2.64,2.657,Seq: 486  
1773440425.526474,1773440430.363675,25.38,71.71,2.639,2.657,Seq: 487  
1773440426.526474,1773440430.858519,25.39,71.7,2.64,2.657,Seq: 488  
1773440427.526474,1773440432.343649,25.38,71.7,2.639,2.657,Seq: 489  
1773440428.526474,1773440433.828425,25.34,71.71,2.64,2.657,Seq: 490  
1773440429.526474,1773440434.3235059,25.38,71.68,2.64,2.657,Seq: 491  
1773440430.526474,1773440435.313717,25.36,71.69,2.64,2.657,Seq: 492  
1773440431.526474,1773440436.303402,25.37,71.7,2.64,2.657,Seq: 493  
1773440432.526474,1773440437.293346,25.39,71.71,2.639,2.657,Seq: 494  
1773440433.526474,1773440438.282793,25.36,71.7,2.64,2.657,Seq: 495  
1773440434.526474,1773440439.2731051,25.35,71.72,2.64,2.657,Seq: 496  
1773440435.526474,1773440440.2633839,25.38,71.69,2.64,2.657,Seq: 497  
1773440436.526474,1773440441.253042,25.34,71.72,2.64,2.657,Seq: 498  
1773440437.526474,1773440442.243003,25.37,71.7,2.64,2.657,Seq: 499  
1773440438.526474,1773440443.2334309,25.36,71.72,2.64,2.657,Seq: 500  
1773440439.526474,1773440444.2229,25.33,71.7,2.64,2.657,Seq: 501  
1773440440.526474,1773440445.212874,25.32,71.7,2.64,2.657,Seq: 502  
1773440441.526474,1773440446.202808,25.34,71.68,2.64,2.658,Seq: 503  
1773440442.526474,1773440447.192764,25.35,71.65,2.641,2.658,Seq: 504  
1773440443.526474,1773440448.1825418,25.34,71.63,2.64,2.658,Seq: 505  
1773440444.526474,1773440449.172665,25.31,71.59,2.64,2.657,Seq: 506  
1773440445.526474,1773440450.162548,25.36,71.59,2.64,2.658,Seq: 507  
1773440446.526474,1773440451.152447,25.32,71.52,2.641,2.657,Seq: 508  
1773440447.526474,1773440452.142572,25.31,71.52,2.641,2.658,Seq: 509  
1773440448.526474,1773440453.132505,25.34,71.5,2.641,2.658,Seq: 510  
1773440449.526474,1773440454.122525,25.33,71.47,2.641,2.658,Seq: 511  
1773440450.526474,1773440455.112422,25.33,71.44,2.641,2.659,Seq: 512  
1773440451.526474,1773440456.102376,25.31,71.38,2.642,2.658,Seq: 513  
1773440452.526474,1773440457.587038,25.31,71.36,2.642,2.659,Seq: 514  
1773440453.526474,1773440458.577003,25.33,71.34,2.642,2.659,Seq: 515  
1773440454.526474,1773440459.567171,25.3,71.34,2.642,2.659,Seq: 516  
1773440455.526474,1773440460.557059,25.29,71.32,2.643,2.66,Seq: 517  
1773440456.526474,1773440461.546914,25.3,71.34,2.643,2.659,Seq: 518  
1773440457.526474,1773440462.5369039,25.3,71.34,2.642,2.66,Seq: 519  
1773440458.526474,1773440463.526947,25.27,71.34,2.643,2.66,Seq: 520  
1773440459.526474,1773440464.516804,25.27,71.37,2.643,2.66,Seq: 521  
1773440460.526474,1773440465.507077,25.27,71.37,2.644,2.66,Seq: 522  
1773440461.526474,1773440466.4968119,25.27,71.4,2.644,2.66,Seq: 523  
1773440462.526474,1773440467.486664,25.27,71.43,2.644,2.661,Seq: 524  
1773440463.526474,1773440468.476663,25.27,71.41,2.644,2.661,Seq: 525  
1773440464.526474,1773440469.466536,25.24,71.41,2.645,2.661,Seq: 526  
1773440465.526474,1773440470.4571629,25.24,71.42,2.644,2.661,Seq: 527  
1773440466.526474,1773440471.44649,25.26,71.37,2.645,2.661,Seq: 528  
1773440467.526474,1773440473.426192,25.26,71.31,2.645,2.661,Seq: 529  
1773440468.526474,1773440473.429085,25.23,71.25,2.645,2.662,Seq: 530  
1773440469.526474,1773440474.416318,25.24,71.21,2.645,2.661,Seq: 531  
1773440470.526474,1773440475.4064012,25.24,71.16,2.645,2.661,Seq: 532  
1773440471.526474,1773440476.396807,25.23,71.15,2.645,2.661,Seq: 533  
1773440472.526474,1773440477.387024,25.23,71.14,2.645,2.662,Seq: 534  
1773440473.526474,1773440478.3760571,25.24,71.15,2.645,2.662,Seq: 535  
1773440474.526474,1773440479.860975,25.23,71.09,2.646,2.662,Seq: 536  
1773440475.526474,1773440480.356046,25.23,71.09,2.646,2.662,Seq: 537  
1773440476.526474,1773440481.345954,25.22,71.09,2.646,2.662,Seq: 538  
1773440477.526474,1773440482.830789,25.2,71.1,2.646,2.663,Seq: 539  
1773440478.526474,1773440483.821425,25.23,71.08,2.646,2.663,Seq: 540  
1773440479.526474,1773440484.8108091,25.22,71.11,2.647,2.663,Seq: 541  
1773440480.526474,1773440485.80061,25.22,71.11,2.647,2.663,Seq: 542  
1773440481.526474,1773440486.7906342,25.22,71.11,2.647,2.663,Seq: 543  
1773440482.526474,1773440487.780582,25.22,71.12,2.647,2.664,Seq: 544  
1773440483.526474,1773440488.770465,25.21,71.14,2.647,2.663,Seq: 545  
1773440484.526474,1773440489.760567,25.2,71.16,2.647,2.664,Seq: 546  
1773440485.526474,1773440490.75056,25.22,71.12,2.647,2.663,Seq: 547  
1773440486.526474,1773440491.740219,25.22,71.13,2.647,2.664,Seq: 548  
1773440487.526474,1773440492.730202,25.19,71.12,2.648,2.664,Seq: 549  
1773440488.526474,1773440493.7203488,25.2,71.15,2.647,2.663,Seq: 550  
1773440489.526474,1773440494.710235,25.2,71.13,2.647,2.664,Seq: 551  
1773440490.526474,1773440495.700156,25.2,71.15,2.647,2.664,Seq: 552  
1773440491.526474,1773440496.690078,25.2,71.14,2.647,2.664,Seq: 553  
1773440492.526474,1773440497.679987,25.2,71.17,2.647,2.664,Seq: 554  
1773440493.526474,1773440498.6699529,25.19,71.15,2.648,2.664,Seq: 555  
1773440494.526474,1773440499.6599998,25.18,71.15,2.647,2.664,Seq: 556  
1773440495.526474,1773440500.650159,25.19,71.15,2.647,2.664,Seq: 557  
1773440496.526474,1773440501.639854,25.19,71.15,2.648,2.664,Seq: 558  
1773440497.526474,1773440502.6294708,25.19,71.19,2.647,2.664,Seq: 559  
1773440498.526474,1773440503.619664,25.18,71.18,2.647,2.664,Seq: 560  
1773440499.526474,1773440505.10481,25.18,71.16,2.647,2.664,Seq: 561  
1773440500.526474,1773440505.5997,25.18,71.19,2.647,2.664,Seq: 562  
1773440501.526474,1773440507.0847101,25.19,71.18,2.647,2.664,Seq: 563  
1773440502.526474,1773440508.075379,25.16,71.15,2.647,2.664,Seq: 564  
1773440503.526474,1773440509.0644212,25.14,71.11,2.648,2.664,Seq: 565  
1773440504.526474,1773440510.054637,25.18,71.08,2.648,2.664,Seq: 566  
1773440505.526474,1773440511.044369,25.15,71.09,2.647,2.664,Seq: 567  
1773440506.526474,1773440512.529383,25.18,71.06,2.648,2.664,Seq: 568  
1773440507.526474,1773440513.0241652,25.18,71.05,2.648,2.664,Seq: 569  
1773440508.526474,1773440514.0140529,25.16,71.06,2.648,2.665,Seq: 570  
1773440509.526474,1773440515.499168,25.14,71.03,2.648,2.664,Seq: 571  
1773440510.526474,1773440515.993396,25.15,71.02,2.648,2.665,Seq: 572  
1773440511.526474,1773440516.983941,25.15,71.06,2.648,2.665,Seq: 573  
1773440512.526474,1773440517.9739342,25.15,71.04,2.649,2.665,Seq: 574  
1773440513.526474,1773440518.96385,25.14,71.04,2.649,2.665,Seq: 575  
1773440514.526474,1773440519.953819,25.12,70.98,2.648,2.664,Seq: 576  
1773440515.526474,1773440520.9438539,25.11,70.89,2.649,2.665,Seq: 577  
1773440516.526474,1773440521.933797,25.11,70.81,2.649,2.665,Seq: 578  
1773440517.526474,1773440522.923942,25.14,70.75,2.649,2.665,Seq: 579  
1773440518.526474,1773440523.913651,25.12,70.72,2.65,2.666,Seq: 580  
1773440519.526474,1773440524.9035258,25.1,70.71,2.65,2.666,Seq: 581  
1773440520.526474,1773440526.388469,25.11,70.72,2.65,2.666,Seq: 582  
1773440521.526474,1773440526.883316,25.11,70.7,2.65,2.666,Seq: 583  
1773440522.526474,1773440527.873476,25.1,70.73,2.65,2.666,Seq: 584  
1773440523.526474,1773440528.863401,25.11,70.7,2.651,2.667,Seq: 585  
1773440524.526474,1773440529.853131,25.08,70.72,2.651,2.667,Seq: 586  
1773440525.526474,1773440530.843991,25.11,70.7,2.651,2.667,Seq: 587  
1773440526.526474,1773440532.3281631,25.08,70.71,2.651,2.667,Seq: 588  
1773440527.526474,1773440532.823062,25.08,70.72,2.651,2.667,Seq: 589  
1773440528.526474,1773440534.308169,25.08,70.73,2.651,2.668,Seq: 590  
1773440529.526474,1773440535.298888,25.08,70.7,2.652,2.669,Seq: 591  
1773440530.526474,1773440536.2881808,25.06,70.68,2.653,2.668,Seq: 592  
1773440531.526474,1773440537.277956,25.09,70.66,2.653,2.668,Seq: 593  
1773440532.526474,1773440538.30707,25.08,70.67,2.652,2.668,Seq: 594  
1773440533.526474,1773440539.257965,25.06,70.65,2.653,2.669,Seq: 595  
1773440534.526474,1773440540.247817,25.06,70.64,2.653,2.668,Seq: 596  
1773440535.526474,1773440541.73273,25.07,70.67,2.653,2.669,Seq: 597  
1773440536.526474,1773440542.227675,25.07,70.65,2.653,2.669,Seq: 598  
1773440537.526474,1773440543.2175589,25.06,70.68,2.653,2.669,Seq: 599  
1773440538.526474,1773440544.702496,25.05,70.7,2.653,2.669,Seq: 600  
1773440539.526474,1773440545.197586,25.07,70.71,2.653,2.67,Seq: 601  
1773440540.526474,1773440546.187643,25.03,70.76,2.653,2.67,Seq: 602  
1773440541.526474,1773440547.177497,25.05,70.76,2.654,2.67,Seq: 603  
1773440542.526474,1773440548.167344,25.04,70.79,2.654,2.67,Seq: 604  
1773440543.526474,1773440549.157926,25.02,70.8,2.654,2.669,Seq: 605  
1773440544.526474,1773440550.147053,25.04,70.82,2.654,2.669,Seq: 606  
1773440545.526474,1773440551.1371279,25.04,70.84,2.654,2.669,Seq: 607  
1773440546.526474,1773440552.127804,25.02,70.86,2.653,2.669,Seq: 608  
1773440547.526474,1773440553.117855,25.03,70.85,2.653,2.669,Seq: 609  
1773440548.526474,1773440554.106962,25.01,70.87,2.653,2.669,Seq: 610  
1773440549.526474,1773440555.097012,25.02,70.87,2.653,2.67,Seq: 611  
1773440550.526474,1773440556.086962,25.01,70.91,2.653,2.669,Seq: 612  
1773440551.526474,1773440557.076889,25.0,70.91,2.653,2.669,Seq: 613  
1773440552.526474,1773440558.066802,25.0,70.91,2.654,2.669,Seq: 614  
1773440553.526474,1773440559.551717,25.0,70.93,2.653,2.669,Seq: 615  
1773440554.526474,1773440560.541685,24.99,70.93,2.653,2.669,Seq: 616  
1773440555.526474,1773440561.5318131,24.98,70.94,2.653,2.669,Seq: 617  
1773440556.526474,1773440562.5215921,24.99,70.93,2.653,2.669,Seq: 618  
1773440557.526474,1773440563.511485,24.98,70.93,2.653,2.669,Seq: 619  
1773440558.526474,1773440564.501452,24.98,70.95,2.653,2.669,Seq: 620  
1773440559.526474,1773440565.491249,24.99,70.94,2.653,2.669,Seq: 621  
1773440560.526474,1773440566.4813108,24.98,71.01,2.653,2.669,Seq: 622  
1773440561.526474,1773440567.470613,24.98,71.03,2.653,2.669,Seq: 623  
1773440562.526474,1773440568.4611669,24.98,71.03,2.653,2.669,Seq: 624  
1773440563.526474,1773440569.451168,24.99,71.08,2.653,2.669,Seq: 625  
1773440564.526474,1773440570.4413152,24.97,71.11,2.653,2.669,Seq: 626  
1773440565.526474,1773440571.4307761,24.95,71.11,2.653,2.668,Seq: 627  
1773440566.526474,1773440572.420845,24.96,71.12,2.652,2.668,Seq: 628  
1773440567.526474,1773440573.410911,24.96,71.15,2.652,2.668,Seq: 629  
1773440568.526474,1773440574.400724,24.96,71.21,2.652,2.668,Seq: 630  
1773440569.526474,1773440575.3907971,24.96,71.26,2.652,2.668,Seq: 631  
1773440570.526474,1773440576.3809881,24.95,71.28,2.652,2.667,Seq: 632  
1773440571.526474,1773440577.3705869,24.97,71.34,2.652,2.668,Seq: 633  
1773440572.526474,1773440578.360493,24.95,71.37,2.652,2.667,Seq: 634  
1773440573.526474,1773440579.350504,24.95,71.41,2.652,2.667,Seq: 635  
1773440574.526474,1773440580.340563,24.94,71.45,2.651,2.667,Seq: 636  
1773440575.526474,1773440581.330524,24.94,71.48,2.652,2.668,Seq: 637  
1773440576.526474,1773440582.815366,24.95,71.54,2.651,2.667,Seq: 638  
1773440577.526474,1773440583.310421,24.96,71.56,2.651,2.667,Seq: 639  
1773440578.526474,1773440584.795343,24.94,71.6,2.651,2.667,Seq: 640  
1773440579.526474,1773440585.785265,24.95,71.65,2.651,2.667,Seq: 641  
1773440580.526474,1773440586.775259,24.96,71.67,2.651,2.666,Seq: 642  
1773440581.526474,1773440587.765028,24.95,71.71,2.65,2.666,Seq: 643  
1773440582.526474,1773440588.755079,24.94,71.75,2.65,2.666,Seq: 644  
1773440583.526474,1773440589.745185,24.92,71.78,2.65,2.666,Seq: 645  
1773440584.526474,1773440590.7350302,24.95,71.8,2.649,2.666,Seq: 646  
1773440585.526474,1773440591.724714,24.94,71.81,2.65,2.666,Seq: 647  
1773440586.526474,1773440593.209889,24.94,71.84,2.649,2.666,Seq: 648  
1773440587.526474,1773440593.7047791,24.93,71.82,2.649,2.665,Seq: 649  
1773440588.526474,1773440594.694628,24.95,71.82,2.649,2.665,Seq: 650  
1773440589.526474,1773440595.684406,24.93,71.82,2.649,2.665,Seq: 651  
1773440590.526474,1773440596.6744828,24.95,71.85,2.649,2.665,Seq: 652  
1773440591.526474,1773440597.664568,24.93,71.83,2.649,2.665,Seq: 653  
1773440592.526474,1773440598.6544719,24.94,71.83,2.649,2.665,Seq: 654  
1773440593.526474,1773440599.644607,24.93,71.86,2.648,2.664,Seq: 655  
1773440594.526474,1773440601.129343,24.95,71.9,2.649,2.664,Seq: 656  
1773440595.526474,1773440602.119385,24.93,71.87,2.648,2.664,Seq: 657  
1773440596.526474,1773440602.614565,24.92,71.9,2.648,2.664,Seq: 658  
1773440597.526474,1773440603.604412,24.92,71.89,2.648,2.664,Seq: 659  
1773440598.526474,1773440604.5941749,24.91,71.91,2.648,2.664,Seq: 660  
1773440599.526474,1773440605.5840678,24.91,71.89,2.648,2.664,Seq: 661  
1773440600.526474,1773440606.574033,24.91,71.9,2.647,2.663,Seq: 662  
1773440601.526474,1773440608.058947,24.91,71.88,2.647,2.663,Seq: 663  
1773440602.526474,1773440608.5533419,24.9,71.89,2.648,2.664,Seq: 664  
1773440603.526474,1773440610.533252,24.93,71.89,2.647,2.664,Seq: 665  
1773440604.526474,1773440611.028885,24.89,71.85,2.648,2.664,Seq: 666  
1773440605.526474,1773440612.019678,24.92,71.85,2.647,2.663,Seq: 667  
1773440606.526474,1773440613.008119,24.91,71.83,2.647,2.663,Seq: 668  
1773440607.526474,1773440613.9990559,24.9,71.84,2.647,2.663,Seq: 669  
1773440608.526474,1773440614.987955,24.91,71.86,2.647,2.663,Seq: 670  
1773440609.526474,1773440615.9786649,24.9,71.83,2.647,2.664,Seq: 671  
1773440610.526474,1773440616.968587,24.92,71.83,2.647,2.663,Seq: 672  
1773440611.526474,1773440618.4528131,24.91,71.83,2.647,2.663,Seq: 673  
1773440612.526474,1773440618.948247,24.92,71.82,2.647,2.663,Seq: 674  
1773440613.526474,1773440619.9383888,24.92,71.82,2.647,2.663,Seq: 675  
1773440614.526474,1773440620.92833,24.91,71.82,2.647,2.664,Seq: 676  
1773440615.526474,1773440621.918376,24.88,71.82,2.647,2.663,Seq: 677  
1773440616.526474,1773440622.908073,24.88,71.84,2.647,2.663,Seq: 678  
1773440617.526474,1773440623.897831,24.91,71.84,2.647,2.664,Seq: 679  
1773440618.526474,1773440624.887891,24.89,71.78,2.647,2.663,Seq: 680  
1773440619.526474,1773440625.878111,24.9,71.81,2.647,2.664,Seq: 681  
1773440620.526474,1773440626.868046,24.9,71.78,2.648,2.664,Seq: 682  
1773440621.526474,1773440627.858635,24.88,71.73,2.647,2.663,Seq: 683  
1773440622.526474,1773440628.8478708,24.88,71.71,2.647,2.663,Seq: 684  
1773440623.526474,1773440629.837065,24.9,71.68,2.648,2.664,Seq: 685  
1773440624.526474,1773440630.827085,24.89,71.66,2.649,2.664,Seq: 686  
1773440625.526474,1773440631.817068,24.9,71.63,2.649,2.665,Seq: 687  
1773440626.526474,1773440632.807001,24.87,71.58,2.649,2.665,Seq: 688  
1773440627.526474,1773440634.293486,24.9,71.59,2.649,2.665,Seq: 689  
1773440628.526474,1773440635.282565,24.88,71.55,2.649,2.665,Seq: 690  
1773440629.526474,1773440636.272466,24.88,71.55,2.649,2.665,Seq: 691  
1773440630.526474,1773440637.2631521,24.89,71.57,2.649,2.665,Seq: 692  
1773440631.526474,1773440638.252277,24.89,71.58,2.649,2.665,Seq: 693  
1773440632.526474,1773440639.242399,24.87,71.57,2.649,2.665,Seq: 694  
1773440633.526474,1773440640.231643,24.86,71.61,2.65,2.665,Seq: 695  
1773440634.526474,1773440641.22243,24.87,71.58,2.65,2.666,Seq: 696  
1773440635.526474,1773440642.212122,24.87,71.61,2.65,2.666,Seq: 697  
1773440636.526474,1773440643.202102,24.85,71.62,2.65,2.666,Seq: 698  
1773440637.526474,1773440644.192071,24.84,71.65,2.65,2.666,Seq: 699  
1773440638.526474,1773440645.181771,24.86,71.67,2.65,2.666,Seq: 700  
1773440639.526474,1773440646.1721559,24.87,71.68,2.65,2.666,Seq: 701  
1773440640.526474,1773440647.656303,24.83,71.69,2.65,2.666,Seq: 702  
1773440641.526474,1773440648.151747,24.85,71.69,2.65,2.666,Seq: 703  
1773440642.526474,1773440649.142736,24.83,71.69,2.65,2.666,Seq: 704  
1773440643.526474,1773440650.132606,24.84,71.69,2.65,2.666,Seq: 705  
1773440644.526474,1773440651.1215692,24.83,71.72,2.65,2.666,Seq: 706  
1773440645.526474,1773440652.111597,24.84,71.76,2.65,2.666,Seq: 707  
1773440646.526474,1773440653.1014109,24.86,71.74,2.651,2.666,Seq: 708  
1773440647.526474,1773440654.092287,24.82,71.78,2.651,2.666,Seq: 709  
1773440648.526474,1773440655.080714,24.83,71.78,2.651,2.667,Seq: 710  
1773440649.526474,1773440656.071412,24.84,71.81,2.651,2.667,Seq: 711  
1773440650.526474,1773440657.0614638,24.82,71.82,2.651,2.667,Seq: 712  
1773440651.526474,1773440658.546293,24.84,71.83,2.651,2.667,Seq: 713  
1773440652.526474,1773440659.5362759,24.85,71.83,2.651,2.666,Seq: 714  
1773440653.526474,1773440660.526235,24.82,71.84,2.65,2.666,Seq: 715  
1773440654.526474,1773440661.516012,24.84,71.84,2.65,2.666,Seq: 716  
1773440655.526474,1773440662.506011,24.85,71.84,2.65,2.666,Seq: 717  
1773440656.526474,1773440663.496032,24.84,71.83,2.65,2.665,Seq: 718  
1773440657.526474,1773440664.485876,24.82,71.85,2.649,2.665,Seq: 719  
1773440658.526474,1773440665.475903,24.83,71.86,2.649,2.666,Seq: 720  
1773440659.526474,1773440666.465739,24.83,71.84,2.65,2.666,Seq: 721  
1773440660.526474,1773440667.4559112,24.81,71.83,2.649,2.666,Seq: 722  
1773440661.526474,1773440668.445568,24.83,71.77,2.65,2.666,Seq: 723  
1773440662.526474,1773440669.43578,24.81,71.76,2.65,2.665,Seq: 724  
1773440663.526474,1773440670.425531,24.82,71.72,2.649,2.665,Seq: 725  
1773440664.526474,1773440671.4153728,24.83,71.72,2.649,2.665,Seq: 726  
1773440665.526474,1773440672.4056978,24.81,71.68,2.65,2.666,Seq: 727  
1773440666.526474,1773440673.395534,24.81,71.67,2.65,2.666,Seq: 728  
1773440667.526474,1773440674.385388,24.81,71.69,2.65,2.666,Seq: 729  
1773440668.526474,1773440675.375247,24.79,71.64,2.65,2.666,Seq: 730  
1773440669.526474,1773440676.3654408,24.81,71.63,2.651,2.666,Seq: 731  
1773440670.526474,1773440677.3558831,24.82,71.61,2.65,2.666,Seq: 732  
1773440671.526474,1773440678.345124,24.79,71.6,2.651,2.666,Seq: 733  
1773440672.526474,1773440679.335194,24.82,71.57,2.651,2.667,Seq: 734  
1773440673.526474,1773440680.325162,24.81,71.56,2.65,2.666,Seq: 735  
1773440674.526474,1773440681.3148851,24.82,71.53,2.65,2.666,Seq: 736  
1773440675.526474,1773440682.799212,24.79,71.54,2.651,2.667,Seq: 737  
1773440676.526474,1773440684.284954,24.78,71.52,2.651,2.666,Seq: 738  
1773440677.526474,1773440684.779113,24.78,71.54,2.651,2.667,Seq: 739  
1773440678.526474,1773440685.769938,24.81,71.56,2.651,2.667,Seq: 740  
1773440679.526474,1773440686.7598472,24.8,71.56,2.651,2.666,Seq: 741  
1773440680.526474,1773440687.749687,24.79,71.53,2.651,2.667,Seq: 742  
1773440681.526474,1773440688.7397099,24.8,71.52,2.652,2.667,Seq: 743  
1773440682.526474,1773440689.729548,24.81,71.53,2.652,2.668,Seq: 744  
1773440683.526474,1773440690.719602,24.8,71.51,2.652,2.667,Seq: 745  
1773440684.526474,1773440691.708774,24.77,71.47,2.652,2.667,Seq: 746  
1773440685.526474,1773440692.699435,24.79,71.5,2.652,2.667,Seq: 747  
1773440686.526474,1773440693.689159,24.78,71.46,2.652,2.668,Seq: 748  
1773440687.526474,1773440694.678484,24.76,71.45,2.652,2.668,Seq: 749  
1773440688.526474,1773440695.6701741,24.79,71.46,2.652,2.668,Seq: 750  
1773440689.526474,1773440696.6591802,24.77,71.49,2.652,2.668,Seq: 751  
1773440690.526474,1773440698.143461,24.78,71.5,2.652,2.668,Seq: 752  
1773440691.526474,1773440698.639062,24.75,71.52,2.653,2.668,Seq: 753  
1773440692.526474,1773440699.6291242,24.77,71.52,2.653,2.668,Seq: 754  
1773440693.526474,1773440700.619066,24.79,71.51,2.653,2.669,Seq: 755  
1773440694.526474,1773440701.609302,24.75,71.5,2.653,2.669,Seq: 756  
1773440695.526474,1773440702.598582,24.76,71.51,2.653,2.668,Seq: 757  
1773440696.526474,1773440703.588763,24.73,71.48,2.653,2.668,Seq: 758  
1773440697.526474,1773440704.57862,24.76,71.47,2.653,2.669,Seq: 759  
1773440698.526474,1773440705.568856,24.76,71.46,2.653,2.668,Seq: 760  
1773440699.526474,1773440706.558563,24.76,71.44,2.653,2.668,Seq: 761  
1773440700.526474,1773440708.042903,24.75,71.42,2.653,2.669,Seq: 762  
1773440701.526474,1773440709.03284,24.73,71.42,2.653,2.669,Seq: 763  
1773440702.526474,1773440710.022781,24.74,71.4,2.654,2.669,Seq: 764  
1773440703.526474,1773440711.012721,24.74,71.42,2.654,2.669,Seq: 765  
1773440704.526474,1773440712.002743,24.75,71.37,2.653,2.669,Seq: 766  
1773440705.526474,1773440712.992704,24.73,71.37,2.653,2.669,Seq: 767  
1773440706.526474,1773440713.983306,24.73,71.34,2.654,2.669,Seq: 768  
1773440707.526474,1773440714.97326,24.74,71.31,2.654,2.669,Seq: 769  
1773440708.526474,1773440715.9630852,24.73,71.31,2.654,2.669,Seq: 770  
1773440709.526474,1773440716.953161,24.73,71.3,2.654,2.669,Seq: 771  
1773440710.526474,1773440717.942838,24.74,71.26,2.654,2.669,Seq: 772  
1773440711.526474,1773440718.932919,24.73,71.22,2.654,2.67,Seq: 773  
1773440712.526474,1773440719.922958,24.72,71.19,2.655,2.67,Seq: 774  
1773440713.526474,1773440720.9129748,24.75,71.22,2.655,2.67,Seq: 775  
1773440714.526474,1773440721.902893,24.72,71.23,2.655,2.67,Seq: 776  
1773440715.526474,1773440722.892587,24.72,71.24,2.655,2.67,Seq: 777  
1773440716.526474,1773440723.882757,24.73,71.24,2.655,2.67,Seq: 778  
1773440717.526474,1773440724.872688,24.71,71.21,2.655,2.67,Seq: 779  
1773440718.526474,1773440725.862508,24.71,71.21,2.655,2.671,Seq: 780  
1773440719.526474,1773440726.852469,24.72,71.17,2.656,2.672,Seq: 781  
1773440720.526474,1773440727.842516,24.72,71.11,2.657,2.671,Seq: 782  
1773440721.526474,1773440728.8323379,24.7,71.05,2.656,2.671,Seq: 783  
1773440722.526474,1773440729.822396,24.71,71.01,2.657,2.672,Seq: 784  
1773440723.526474,1773440730.812378,24.69,70.95,2.657,2.672,Seq: 785  
1773440724.526474,1773440732.296646,24.69,70.92,2.657,2.672,Seq: 786  
1773440725.526474,1773440733.286398,24.69,70.89,2.657,2.672,Seq: 787  
1773440726.526474,1773440734.276483,24.7,70.89,2.657,2.673,Seq: 788  
1773440727.526474,1773440735.26648,24.68,70.83,2.658,2.673,Seq: 789  
1773440728.526474,1773440736.256397,24.67,70.75,2.659,2.673,Seq: 790  
1773440729.526474,1773440737.246091,24.68,70.7,2.659,2.674,Seq: 791  
1773440730.526474,1773440738.23616,24.67,70.66,2.659,2.674,Seq: 792  
1773440731.526474,1773440739.226079,24.67,70.63,2.659,2.674,Seq: 793  
1773440732.526474,1773440740.215704,24.66,70.63,2.659,2.674,Seq: 794  
1773440733.526474,1773440741.206805,24.67,70.64,2.66,2.675,Seq: 795  
1773440734.526474,1773440742.196696,24.66,70.62,2.66,2.675,Seq: 796  
1773440735.526474,1773440743.186514,24.64,70.67,2.66,2.675,Seq: 797  
1773440736.526474,1773440744.176513,24.66,70.67,2.661,2.676,Seq: 798  
1773440737.526474,1773440745.1665912,24.66,70.72,2.661,2.676,Seq: 799  
1773440738.526474,1773440746.1565518,24.66,70.72,2.662,2.676,Seq: 800  
1773440739.526474,1773440747.146453,24.66,70.75,2.661,2.676,Seq: 801  
1773440740.526474,1773440748.1362262,24.67,70.74,2.662,2.677,Seq: 802  
1773440741.526474,1773440749.126338,24.64,70.73,2.661,2.677,Seq: 803  
1773440742.526474,1773440750.11642,24.65,70.79,2.662,2.677,Seq: 804  
1773440743.526474,1773440751.1063619,24.63,70.79,2.662,2.677,Seq: 805  
1773440744.526474,1773440752.09623,24.66,70.8,2.662,2.677,Seq: 806  
1773440745.526474,1773440753.0860639,24.64,70.82,2.662,2.677,Seq: 807  
1773440746.526474,1773440754.076164,24.67,70.87,2.662,2.677,Seq: 808  
1773440747.526474,1773440755.0660129,24.64,70.88,2.662,2.677,Seq: 809  
1773440748.526474,1773440756.5500789,24.64,70.91,2.662,2.677,Seq: 810  
1773440749.526474,1773440757.540063,24.66,70.98,2.662,2.677,Seq: 811  
1773440750.526474,1773440758.530056,24.64,70.98,2.662,2.676,Seq: 812  
1773440751.526474,1773440760.0158591,24.62,71.06,2.661,2.677,Seq: 813  
1773440752.526474,1773440760.509979,24.64,71.04,2.662,2.677,Seq: 814  
1773440753.526474,1773440761.4999251,24.62,71.09,2.661,2.676,Seq: 815  
1773440754.526474,1773440762.489933,24.62,71.13,2.661,2.676,Seq: 816  
1773440755.526474,1773440763.479784,24.63,71.15,2.661,2.676,Seq: 817  
1773440756.526474,1773440764.469791,24.66,71.21,2.661,2.676,Seq: 818  
1773440757.526474,1773440765.955145,24.64,71.22,2.66,2.676,Seq: 819  
1773440758.526474,1773440766.4494529,24.63,71.22,2.66,2.675,Seq: 820  
1773440759.526474,1773440767.440205,24.62,71.25,2.66,2.675,Seq: 821  
1773440760.526474,1773440768.429411,24.64,71.22,2.66,2.675,Seq: 822  
1773440761.526474,1773440769.42023,24.64,71.21,2.659,2.675,Seq: 823  
1773440762.526474,1773440770.410078,24.61,71.18,2.66,2.675,Seq: 824  
1773440763.526474,1773440771.400124,24.63,71.19,2.659,2.674,Seq: 825  
1773440764.526474,1773440772.390029,24.63,71.18,2.659,2.674,Seq: 826  
1773440765.526474,1773440773.3799639,24.6,71.16,2.659,2.674,Seq: 827  
1773440766.526474,1773440774.369797,24.62,71.21,2.658,2.674,Seq: 828  
1773440767.526474,1773440775.359995,24.61,71.22,2.659,2.674,Seq: 829  
1773440768.526474,1773440776.349868,24.63,71.25,2.659,2.673,Seq: 830  
1773440769.526474,1773440777.339725,24.61,71.27,2.658,2.673,Seq: 831  
1773440770.526474,1773440778.330337,24.6,71.26,2.658,2.673,Seq: 832  
1773440771.526474,1773440779.3195229,24.6,71.27,2.658,2.673,Seq: 833  
1773440772.526474,1773440780.803947,24.61,71.26,2.658,2.673,Seq: 834  
1773440773.526474,1773440781.793808,24.63,71.26,2.658,2.673,Seq: 835  
1773440774.526474,1773440782.783735,24.59,71.22,2.658,2.673,Seq: 836  
1773440775.526474,1773440783.773941,24.6,71.2,2.658,2.673,Seq: 837  
1773440776.526474,1773440784.763329,24.6,71.09,2.658,2.673,Seq: 838  
1773440777.526474,1773440785.753505,24.61,71.05,2.658,2.673,Seq: 839  
1773440778.526474,1773440786.7431479,24.6,70.93,2.658,2.673,Seq: 840  
1773440779.526474,1773440787.7332911,24.59,70.89,2.659,2.673,Seq: 841  
1773440780.526474,1773440788.723271,24.57,70.86,2.659,2.673,Seq: 842  
1773440781.526474,1773440789.713093,24.59,70.83,2.659,2.674,Seq: 843  
1773440782.526474,1773440790.7033238,24.58,70.79,2.659,2.674,Seq: 844  
1773440783.526474,1773440791.6932569,24.57,70.8,2.659,2.674,Seq: 845  
1773440784.526474,1773440792.6914968,24.56,70.8,2.659,2.674,Seq: 846  
1773440785.526474,1773440794.169129,24.56,70.81,2.66,2.675,Seq: 847  
1773440786.526474,1773440794.663029,24.55,70.82,2.66,2.674,Seq: 848  
1773440787.526474,1773440795.653012,24.55,70.79,2.66,2.675,Seq: 849  
1773440788.526474,1773440797.1387281,24.52,70.82,2.66,2.675,Seq: 850  
1773440789.526474,1773440797.633576,24.54,70.82,2.661,2.675,Seq: 851  
1773440790.526474,1773440798.622964,24.54,70.83,2.661,2.676,Seq: 852  
1773440791.526474,1773440799.613656,24.54,70.86,2.661,2.676,Seq: 853  
1773440792.526474,1773440800.60359,24.54,70.85,2.662,2.676,Seq: 854  
1773440793.526474,1773440801.5935721,24.53,70.88,2.662,2.677,Seq: 855  
1773440794.526474,1773440802.5834332,24.53,70.91,2.662,2.676,Seq: 856  
1773440795.526474,1773440803.573327,24.52,70.9,2.662,2.677,Seq: 857  
1773440796.526474,1773440805.057551,24.52,70.88,2.662,2.677,Seq: 858  
1773440797.526474,1773440806.047494,24.53,70.92,2.662,2.678,Seq: 859  
1773440798.526474,1773440807.0374498,24.51,70.95,2.663,2.677,Seq: 860  
1773440799.526474,1773440808.027379,24.53,70.94,2.663,2.677,Seq: 861  
1773440800.526474,1773440809.017294,24.53,70.95,2.663,2.677,Seq: 862  
1773440801.526474,1773440810.0072079,24.52,71.0,2.663,2.678,Seq: 863  
1773440802.526474,1773440810.997195,24.5,70.99,2.663,2.678,Seq: 864  
1773440803.526474,1773440811.9869251,24.52,71.02,2.663,2.678,Seq: 865  
1773440804.526474,1773440812.977222,24.52,71.04,2.663,2.678,Seq: 866  
1773440805.526474,1773440813.966926,24.5,71.07,2.663,2.678,Seq: 867  
1773440806.526474,1773440814.956922,24.52,71.11,2.663,2.678,Seq: 868  
1773440807.526474,1773440815.946939,24.51,71.13,2.663,2.678,Seq: 869  
1773440808.526474,1773440816.936899,24.52,71.16,2.663,2.677,Seq: 870  
1773440809.526474,1773440817.926999,24.5,71.25,2.662,2.677,Seq: 871  
1773440810.526474,1773440818.9168038,24.5,71.21,2.662,2.678,Seq: 872  
1773440811.526474,1773440819.906773,24.5,71.2,2.662,2.677,Seq: 873  
1773440812.526474,1773440820.896631,24.51,71.2,2.662,2.677,Seq: 874  
1773440813.526474,1773440821.886623,24.48,71.17,2.662,2.676,Seq: 875  
1773440814.526474,1773440822.876523,24.49,71.14,2.662,2.677,Seq: 876  
1773440815.526474,1773440823.866375,24.5,71.15,2.662,2.677,Seq: 877  
1773440816.526474,1773440824.856367,24.49,71.15,2.662,2.676,Seq: 878  
1773440817.526474,1773440825.847286,24.48,71.09,2.662,2.677,Seq: 879  
1773440818.526474,1773440826.836982,24.49,71.1,2.662,2.677,Seq: 880  
1773440819.526474,1773440828.32134,24.49,71.04,2.662,2.676,Seq: 881  
1773440820.526474,1773440829.31103,24.49,71.04,2.662,2.676,Seq: 882  
1773440821.526474,1773440830.301045,24.51,71.05,2.661,2.676,Seq: 883  
1773440822.526474,1773440831.291274,24.5,71.03,2.662,2.676,Seq: 884  
1773440823.526474,1773440832.281048,24.49,71.07,2.661,2.676,Seq: 885  
1773440824.526474,1773440833.270993,24.46,71.08,2.661,2.676,Seq: 886  
1773440825.526474,1773440834.260789,24.49,71.15,2.662,2.676,Seq: 887  
1773440826.526474,1773440835.2507792,24.49,71.15,2.661,2.676,Seq: 888  
1773440827.526474,1773440836.2416801,24.48,71.15,2.662,2.677,Seq: 889  
1773440828.526474,1773440837.230679,24.5,71.13,2.662,2.676,Seq: 890  
1773440829.526474,1773440838.220689,24.45,71.16,2.662,2.676,Seq: 891  
1773440830.526474,1773440839.210534,24.47,71.16,2.662,2.676,Seq: 892  
1773440831.526474,1773440840.200661,24.48,71.16,2.661,2.676,Seq: 893  
1773440832.526474,1773440841.190785,24.46,71.18,2.662,2.677,Seq: 894  
1773440833.526474,1773440842.180838,24.46,71.21,2.662,2.676,Seq: 895  
1773440834.526474,1773440843.17044,24.46,71.22,2.661,2.676,Seq: 896  
1773440835.526474,1773440844.160376,24.46,71.25,2.662,2.676,Seq: 897  
1773440836.526474,1773440845.1515179,24.47,71.26,2.662,2.676,Seq: 898  
1773440837.526474,1773440846.140345,24.49,71.25,2.662,2.676,Seq: 899  
1773440838.526474,1773440847.1300611,24.46,71.26,2.661,2.676,Seq: 900  
1773440839.526474,1773440848.120019,24.46,71.26,2.662,2.676,Seq: 901  
1773440840.526474,1773440849.1101599,24.45,71.23,2.662,2.676,Seq: 902  
1773440841.526474,1773440850.100112,24.46,71.25,2.661,2.676,Seq: 903  
1773440842.526474,1773440851.090827,24.47,71.3,2.661,2.676,Seq: 904  
1773440843.526474,1773440852.0798001,24.44,71.28,2.661,2.676,Seq: 905  
1773440844.526474,1773440853.070631,24.45,71.31,2.661,2.676,Seq: 906  
1773440845.526474,1773440854.554795,24.44,71.29,2.661,2.676,Seq: 907  
1773440846.526474,1773440855.544817,24.47,71.37,2.661,2.676,Seq: 908  
1773440847.526474,1773440856.534626,24.46,71.39,2.661,2.676,Seq: 909  
1773440848.526474,1773440857.52462,24.44,71.42,2.661,2.676,Seq: 910  
1773440849.526474,1773440858.5145888,24.46,71.45,2.661,2.675,Seq: 911  
1773440850.526474,1773440859.504489,24.44,71.42,2.661,2.676,Seq: 912  
1773440851.526474,1773440860.4944701,24.45,71.44,2.66,2.675,Seq: 913  
1773440852.526474,1773440861.4840732,24.44,71.44,2.66,2.675,Seq: 914  
1773440853.526474,1773440862.474437,24.46,71.47,2.66,2.675,Seq: 915  
1773440854.526474,1773440863.464168,24.44,71.47,2.659,2.674,Seq: 916  
1773440855.526474,1773440864.454207,24.46,71.47,2.66,2.675,Seq: 917  
1773440856.526474,1773440865.444665,24.45,71.42,2.66,2.675,Seq: 918  
1773440857.526474,1773440866.929953,24.44,71.44,2.66,2.675,Seq: 919  
1773440858.526474,1773440867.4240499,24.47,71.42,2.66,2.675,Seq: 920  
1773440859.526474,1773440868.413948,24.45,71.41,2.66,2.675,Seq: 921  
1773440860.526474,1773440869.404094,24.44,71.42,2.66,2.675,Seq: 922  
1773440861.526474,1773440870.394012,24.41,71.41,2.66,2.674,Seq: 923  
1773440862.526474,1773440871.879545,24.43,71.41,2.66,2.675,Seq: 924  
1773440863.526474,1773440872.374135,24.43,71.39,2.659,2.674,Seq: 925  
1773440864.526474,1773440873.363878,24.44,71.4,2.66,2.675,Seq: 926  
1773440865.526474,1773440874.353825,24.43,71.4,2.66,2.675,Seq: 927  
1773440866.526474,1773440875.839419,24.44,71.4,2.66,2.674,Seq: 928  
1773440867.526474,1773440876.333461,24.43,71.42,2.659,2.674,Seq: 929  
1773440868.526474,1773440877.324198,24.44,71.44,2.659,2.674,Seq: 930  
1773440869.526474,1773440878.80917,24.42,71.45,2.659,2.674,Seq: 931  
1773440870.526474,1773440879.798977,24.41,71.49,2.659,2.674,Seq: 932  
1773440871.526474,1773440881.2840939,24.43,71.49,2.66,2.674,Seq: 933  
1773440872.526474,1773440881.778229,24.43,71.53,2.66,2.675,Seq: 934  
1773440873.526474,1773440882.768217,24.45,71.53,2.659,2.674,Seq: 935  
1773440874.526474,1773440884.2539,24.4,71.53,2.659,2.674,Seq: 936  
1773440875.526474,1773440884.7480211,24.41,71.57,2.659,2.674,Seq: 937  
1773440876.526474,1773440885.737905,24.41,71.58,2.659,2.674,Seq: 938  
1773440877.526474,1773440886.7280579,24.43,71.58,2.659,2.674,Seq: 939  
1773440878.526474,1773440887.717875,24.42,71.57,2.659,2.674,Seq: 940  
1773440879.526474,1773440888.7079248,24.43,71.54,2.66,2.675,Seq: 941  
1773440880.526474,1773440889.698704,24.43,71.55,2.66,2.674,Seq: 942  
1773440881.526474,1773440890.6878262,24.42,71.55,2.659,2.674,Seq: 943  
1773440882.526474,1773440892.172748,24.41,71.48,2.659,2.674,Seq: 944  
1773440883.526474,1773440892.667705,24.41,71.46,2.659,2.674,Seq: 945  
1773440884.526474,1773440893.658437,24.42,71.42,2.66,2.674,Seq: 946  
1773440885.526474,1773440894.6475391,24.4,71.35,2.66,2.675,Seq: 947  
1773440886.526474,1773440895.6374931,24.43,71.28,2.66,2.675,Seq: 948  
1773440887.526474,1773440896.627584,24.43,71.23,2.66,2.675,Seq: 949  
1773440888.526474,1773440897.6173038,24.41,71.19,2.66,2.675,Seq: 950  
1773440889.526474,1773440898.60746,24.42,71.16,2.66,2.675,Seq: 951  
1773440890.526474,1773440899.597313,24.41,71.12,2.66,2.675,Seq: 952  
1773440891.526474,1773440900.5872278,24.4,71.15,2.66,2.675,Seq: 953  
1773440892.526474,1773440901.577888,24.39,71.11,2.66,2.675,Seq: 954  
1773440893.526474,1773440902.56705,24.41,71.12,2.661,2.675,Seq: 955  
1773440894.526474,1773440904.052791,24.39,71.15,2.661,2.676,Seq: 956  
1773440895.526474,1773440905.0427551,24.41,71.15,2.661,2.676,Seq: 957  
1773440896.526474,1773440906.032798,24.39,71.19,2.661,2.676,Seq: 958  
1773440897.526474,1773440907.022694,24.39,71.22,2.662,2.676,Seq: 959  
1773440898.526474,1773440908.012558,24.4,71.23,2.662,2.677,Seq: 960  
1773440899.526474,1773440909.001999,24.41,71.24,2.662,2.677,Seq: 961  
1773440900.526474,1773440909.991853,24.4,71.26,2.662,2.676,Seq: 962  
1773440901.526474,1773440910.9817538,24.39,71.31,2.662,2.676,Seq: 963  
1773440902.526474,1773440912.467317,24.36,71.32,2.662,2.676,Seq: 964  
1773440903.526474,1773440912.961443,24.38,71.36,2.662,2.677,Seq: 965  
1773440904.526474,1773440913.952364,24.4,71.36,2.662,2.677,Seq: 966  
1773440905.526474,1773440914.941505,24.37,71.37,2.662,2.677,Seq: 967  
1773440906.526474,1773440916.427192,24.4,71.4,2.662,2.677,Seq: 968  
1773440907.526474,1773440916.921288,24.39,71.4,2.662,2.676,Seq: 969  
1773440908.526474,1773440917.911299,24.39,71.4,2.662,2.677,Seq: 970  
1773440909.526474,1773440918.901303,24.4,71.43,2.662,2.677,Seq: 971  
1773440910.526474,1773440919.891886,24.39,71.41,2.662,2.677,Seq: 972  
1773440911.526474,1773440921.3768811,24.39,71.42,2.662,2.677,Seq: 973  
1773440912.526474,1773440921.871047,24.39,71.36,2.662,2.677,Seq: 974  
1773440913.526474,1773440922.8610458,24.38,71.32,2.662,2.677,Seq: 975  
1773440914.526474,1773440923.851028,24.39,71.29,2.662,2.677,Seq: 976  
1773440915.526474,1773440924.840935,24.38,71.27,2.663,2.677,Seq: 977  
1773440916.526474,1773440926.820891,24.36,71.22,2.663,2.677,Seq: 978  
1773440917.526474,1773440926.8213239,24.37,71.19,2.663,2.677,Seq: 979  
1773440918.526474,1773440928.3071852,24.37,71.19,2.663,2.677,Seq: 980  
1773440919.526474,1773440929.296274,24.37,71.14,2.663,2.678,Seq: 981  
1773440920.526474,1773440930.286361,24.37,71.17,2.663,2.677,Seq: 982  
1773440921.526474,1773440931.2759728,24.38,71.14,2.663,2.678,Seq: 983  
1773440922.526474,1773440932.266278,24.36,71.14,2.664,2.678,Seq: 984  
1773440923.526474,1773440933.256106,24.36,71.11,2.663,2.678,Seq: 985  
1773440924.526474,1773440934.246201,24.35,71.13,2.664,2.678,Seq: 986  
1773440925.526474,1773440935.236135,24.35,71.13,2.664,2.678,Seq: 987  
1773440926.526474,1773440936.225398,24.38,71.13,2.664,2.678,Seq: 988  
1773440927.526474,1773440937.2154,24.34,71.15,2.663,2.678,Seq: 989  
1773440928.526474,1773440938.205015,24.36,71.12,2.663,2.678,Seq: 990  
1773440929.526474,1773440939.195138,24.35,71.15,2.664,2.679,Seq: 991  
1773440930.526474,1773440940.185072,24.35,71.14,2.664,2.679,Seq: 992  
1773440931.526474,1773440941.174964,24.36,71.16,2.664,2.679,Seq: 993  
1773440932.526474,1773440942.16502,24.37,71.18,2.664,2.679,Seq: 994  
1773440933.526474,1773440943.15476,24.37,71.22,2.664,2.679,Seq: 995  
1773440934.526474,1773440944.1449142,24.34,71.22,2.664,2.679,Seq: 996  
1773440935.526474,1773440945.1347861,24.35,71.25,2.664,2.678,Seq: 997  
1773440936.526474,1773440946.124754,24.37,71.29,2.664,2.678,Seq: 998  
1773440937.526474,1773440947.611038,24.37,71.32,2.664,2.678,Seq: 999  
1773440938.526474,1773440948.1045508,24.35,71.38,2.663,2.678,Seq: 1000  
1773440939.526474,1773440949.590265,24.34,71.36,2.664,2.678,Seq: 1001  
1773440940.526474,1773440950.084383,24.35,71.43,2.663,2.678,Seq: 1002  
1773440941.526474,1773440951.570119,24.34,71.45,2.663,2.678,Seq: 1003  
1773440942.526474,1773440952.064492,24.34,71.47,2.663,2.678,Seq: 1004  
1773440943.526474,1773440953.550055,24.34,71.47,2.663,2.677,Seq: 1005  
1773440944.526474,1773440954.539978,24.34,71.53,2.663,2.677,Seq: 1006  
1773440945.526474,1773440955.5301251,24.35,71.57,2.663,2.678,Seq: 1007  
1773440946.526474,1773440956.519853,24.34,71.56,2.663,2.677,Seq: 1008  
1773440947.526474,1773440957.509784,24.35,71.59,2.662,2.677,Seq: 1009  
1773440948.526474,1773440958.4997401,24.34,71.63,2.662,2.677,Seq: 1010  
1773440949.526474,1773440959.489602,24.34,71.63,2.662,2.677,Seq: 1011  
1773440950.526474,1773440960.479686,24.35,71.6,2.662,2.676,Seq: 1012  
1773440951.526474,1773440961.468971,24.34,71.55,2.662,2.676,Seq: 1013  
1773440952.526474,1773440962.4595509,24.33,71.56,2.661,2.676,Seq: 1014  
1773440953.526474,1773440963.449523,24.34,71.55,2.661,2.676,Seq: 1015  
1773440954.526474,1773440964.4386802,24.35,71.57,2.661,2.675,Seq: 1016  
1773440955.526474,1773440965.924047,24.35,71.57,2.661,2.675,Seq: 1017  
1773440956.526474,1773440966.4185882,24.34,71.59,2.661,2.675,Seq: 1018  
1773440957.526474,1773440967.408536,24.36,71.62,2.66,2.675,Seq: 1019  
1773440958.526474,1773440968.398463,24.33,71.63,2.66,2.675,Seq: 1020  
1773440959.526474,1773440969.3884358,24.33,71.63,2.66,2.675,Seq: 1021  
1773440960.526474,1773440970.378403,24.33,71.67,2.66,2.675,Seq: 1022  
1773440961.526474,1773440971.368081,24.34,71.66,2.66,2.675,Seq: 1023  
1773440962.526474,1773440972.3582048,24.34,71.66,2.66,2.675,Seq: 1024  
1773440963.526474,1773440973.348146,24.34,71.7,2.661,2.675,Seq: 1025  
1773440964.526474,1773440974.338056,24.34,71.72,2.66,2.675,Seq: 1026  
1773440965.526474,1773440975.3280602,24.33,71.69,2.66,2.675,Seq: 1027  
1773440966.526474,1773440976.3181481,24.36,71.66,2.66,2.675,Seq: 1028  
1773440967.526474,1773440977.803695,24.36,71.67,2.66,2.675,Seq: 1029  
1773440968.526474,1773440978.793662,24.34,71.64,2.66,2.674,Seq: 1030  
1773440969.526474,1773440979.783424,24.35,71.62,2.66,2.674,Seq: 1031  
1773440970.526474,1773440980.773308,24.35,71.59,2.66,2.675,Seq: 1032  
1773440971.526474,1773440981.7633371,24.34,71.57,2.66,2.675,Seq: 1033  
1773440972.526474,1773440982.753386,24.33,71.53,2.66,2.674,Seq: 1034  
1773440973.526474,1773440983.74334,24.35,71.53,2.659,2.675,Seq: 1035  
1773440974.526474,1773440984.7333431,24.33,71.49,2.66,2.675,Seq: 1036  
1773440975.526474,1773440985.723209,24.34,71.5,2.66,2.675,Seq: 1037  
1773440976.526474,1773440986.713222,24.36,71.5,2.66,2.674,Seq: 1038  
1773440977.526474,1773440987.703024,24.33,71.52,2.66,2.674,Seq: 1039  
1773440978.526474,1773440988.693032,24.33,71.52,2.66,2.674,Seq: 1040  
1773440979.526474,1773440989.682993,24.32,71.55,2.66,2.675,Seq: 1041  
1773440980.526474,1773440990.672976,24.33,71.55,2.66,2.675,Seq: 1042  
1773440981.526474,1773440991.6622791,24.31,71.52,2.66,2.675,Seq: 1043  
1773440982.526474,1773440992.652242,24.31,71.55,2.661,2.675,Seq: 1044  
1773440983.526474,1773440993.64215,24.33,71.55,2.661,2.676,Seq: 1045  
1773440984.526474,1773440994.631988,24.31,71.53,2.661,2.676,Seq: 1046  
1773440985.526474,1773440995.622143,24.32,71.56,2.661,2.675,Seq: 1047  
1773440986.526474,1773440996.61194,24.33,71.56,2.661,2.676,Seq: 1048  
1773440987.526474,1773440997.6019,24.33,71.58,2.661,2.676,Seq: 1049  
1773440988.526474,1773440998.591759,24.31,71.58,2.66,2.675,Seq: 1050  
1773440989.526474,1773440999.581739,24.29,71.59,2.661,2.675,Seq: 1051  
1773440990.526474,1773441000.571692,24.32,71.59,2.66,2.675,Seq: 1052  
1773440991.526474,1773441001.5615702,24.33,71.64,2.661,2.675,Seq: 1053  
1773440992.526474,1773441003.047329,24.32,71.65,2.66,2.675,Seq: 1054  
1773440993.526474,1773441004.037166,24.33,71.69,2.661,2.676,Seq: 1055  
1773440994.526474,1773441005.027525,24.31,71.69,2.66,2.675,Seq: 1056  
1773440995.526474,1773441006.017284,24.31,71.72,2.66,2.675,Seq: 1057  
1773440996.526474,1773441007.006356,24.3,71.71,2.66,2.675,Seq: 1058  
1773440997.526474,1773441007.997011,24.31,71.7,2.66,2.675,Seq: 1059  
1773440998.526474,1773441009.4812942,24.3,71.68,2.66,2.675,Seq: 1060  
1773440999.526474,1773441009.9770908,24.31,71.67,2.66,2.675,Seq: 1061  
1773441000.526474,1773441010.9668431,24.3,71.66,2.66,2.675,Seq: 1062  
1773441001.526474,1773441011.956847,24.32,71.66,2.66,2.675,Seq: 1063  
1773441002.526474,1773441012.9467049,24.32,71.63,2.66,2.675,Seq: 1064  
1773441003.526474,1773441013.937327,24.29,71.58,2.66,2.674,Seq: 1065  
1773441004.526474,1773441014.927339,24.3,71.56,2.66,2.675,Seq: 1066  
1773441005.526474,1773441015.916601,24.29,71.52,2.66,2.675,Seq: 1067  
1773441006.526474,1773441016.906495,24.31,71.48,2.66,2.675,Seq: 1068  
1773441007.526474,1773441018.3907661,24.3,71.49,2.661,2.675,Seq: 1069  
1773441008.526474,1773441018.8864322,24.28,71.47,2.66,2.675,Seq: 1070  
1773441009.526474,1773441019.875752,24.3,71.45,2.66,2.675,Seq: 1071  
1773441010.526474,1773441020.8655949,24.3,71.43,2.661,2.675,Seq: 1072  
1773441011.526474,1773441022.351244,24.31,71.46,2.661,2.676,Seq: 1073  
1773441012.526474,1773441023.34134,24.29,71.44,2.661,2.676,Seq: 1074  
1773441013.526474,1773441023.8353062,24.29,71.44,2.661,2.675,Seq: 1075  
1773441014.526474,1773441024.825914,24.27,71.45,2.661,2.676,Seq: 1076  
1773441015.526474,1773441025.815311,24.29,71.46,2.661,2.676,Seq: 1077  
1773441016.526474,1773441027.3008041,24.31,71.46,2.661,2.676,Seq: 1078  
1773441017.526474,1773441028.291082,24.3,71.46,2.662,2.676,Seq: 1079  
1773441018.526474,1773441029.280793,24.29,71.48,2.662,2.676,Seq: 1080  
1773441019.526474,1773441030.270884,24.32,71.51,2.661,2.676,Seq: 1081  
1773441020.526474,1773441031.260709,24.3,71.57,2.662,2.676,Seq: 1082  
1773441021.526474,1773441032.250557,24.29,71.59,2.662,2.676,Seq: 1083  
1773441022.526474,1773441033.24071,24.29,71.59,2.662,2.676,Seq: 1084  
1773441023.526474,1773441034.230571,24.27,71.61,2.661,2.676,Seq: 1085  
1773441024.526474,1773441035.2204041,24.28,71.62,2.661,2.676,Seq: 1086  
1773441025.526474,1773441036.210418,24.28,71.62,2.661,2.676,Seq: 1087  
1773441026.526474,1773441037.200521,24.3,71.65,2.661,2.676,Seq: 1088  
1773441027.526474,1773441038.190648,24.32,71.66,2.661,2.676,Seq: 1089  
1773441028.526474,1773441039.180408,24.28,71.66,2.661,2.675,Seq: 1090  
1773441029.526474,1773441040.1701999,24.28,71.66,2.661,2.676,Seq: 1091  
1773441030.526474,1773441041.160063,24.28,71.69,2.661,2.675,Seq: 1092  
1773441031.526474,1773441042.150432,24.27,71.7,2.661,2.675,Seq: 1093  
1773441032.526474,1773441043.140161,24.29,71.69,2.66,2.675,Seq: 1094  
1773441033.526474,1773441044.1299229,24.28,71.69,2.66,2.675,Seq: 1095  
1773441034.526474,1773441045.120091,24.28,71.71,2.661,2.675,Seq: 1096  
1773441035.526474,1773441046.109719,24.3,71.68,2.66,2.675,Seq: 1097  
1773441036.526474,1773441047.594922,24.29,71.65,2.661,2.676,Seq: 1098  
1773441037.526474,1773441048.088973,24.28,71.65,2.661,2.675,Seq: 1099  
1773441038.526474,1773441049.078733,24.27,71.61,2.661,2.675,Seq: 1100  
1773441039.526474,1773441050.0688848,24.29,71.62,2.66,2.674,Seq: 1101  
1773441040.526474,1773441051.554693,24.29,71.61,2.66,2.675,Seq: 1102  
1773441041.526474,1773441052.543865,24.29,71.6,2.66,2.675,Seq: 1103  
1773441042.526474,1773441053.534559,24.28,71.6,2.66,2.675,Seq: 1104  
1773441043.526474,1773441054.524435,24.28,71.63,2.66,2.675,Seq: 1105  
1773441044.526474,1773441055.514358,24.27,71.65,2.66,2.675,Seq: 1106  
1773441045.526474,1773441056.504407,24.26,71.7,2.66,2.675,Seq: 1107  
1773441046.526474,1773441057.494166,24.28,71.68,2.66,2.675,Seq: 1108  
1773441047.526474,1773441058.48423,24.27,71.72,2.66,2.675,Seq: 1109  
1773441048.526474,1773441059.47422,24.25,71.73,2.66,2.675,Seq: 1110  
1773441049.526474,1773441060.464034,24.26,71.72,2.661,2.675,Seq: 1111  
1773441050.526474,1773441061.454854,24.28,71.75,2.661,2.675,Seq: 1112  
1773441051.526474,1773441062.444067,24.27,71.76,2.66,2.676,Seq: 1113  
1773441052.526474,1773441063.43393,24.26,71.77,2.661,2.676,Seq: 1114  
1773441053.526474,1773441064.42394,24.28,71.74,2.661,2.676,Seq: 1115  
1773441054.526474,1773441065.4140592,24.28,71.75,2.661,2.675,Seq: 1116  
1773441055.526474,1773441066.403709,24.26,71.74,2.661,2.675,Seq: 1117  
1773441056.526474,1773441067.393592,24.26,71.71,2.66,2.675,Seq: 1118  
1773441057.526474,1773441068.3845391,24.26,71.7,2.66,2.674,Seq: 1119  
1773441058.526474,1773441069.372906,24.27,71.72,2.66,2.675,Seq: 1120  
1773441059.526474,1773441070.3635721,24.28,71.71,2.66,2.675,Seq: 1121  
1773441060.526474,1773441071.353652,24.28,71.71,2.66,2.675,Seq: 1122  
1773441061.526474,1773441072.3433971,24.25,71.68,2.66,2.675,Seq: 1123  
1773441062.526474,1773441073.333242,24.27,71.7,2.66,2.675,Seq: 1124  
1773441063.526474,1773441074.32252,24.26,71.67,2.66,2.675,Seq: 1125  
1773441064.526474,1773441075.312561,24.28,71.67,2.661,2.675,Seq: 1126  
1773441065.526474,1773441076.798139,24.27,71.66,2.66,2.675,Seq: 1127  
1773441066.526474,1773441077.7882009,24.26,71.63,2.66,2.675,Seq: 1128  
1773441067.526474,1773441078.778051,24.27,71.61,2.66,2.675,Seq: 1129  
1773441085.577822,1773441086.577822,24.29,71.27,2.662,2.676,Connection dropped.Seq: 0   N-0X reconnected  sequence 0  lastReceived 1129.
1773441086.577822,1773441087.567823,24.26,71.22,2.662,2.677,Seq: 1  
1773441087.577822,1773441088.5800672,24.25,71.19,2.662,2.677,Seq: 2  
1773441088.577822,1773441089.616458,24.3,71.19,2.663,2.677,Seq: 3  
1773441089.577822,1773441090.605264,24.28,71.16,2.663,2.677,Seq: 4  
1773441090.577822,1773441092.007571,24.28,71.2,2.663,2.677,Seq: 5  
1773441091.577822,1773441092.997316,24.28,71.23,2.663,2.677,Seq: 6  
1773441092.577822,1773441093.987381,24.27,71.26,2.663,2.678,Seq: 7  
1773441093.577822,1773441094.977315,24.28,71.27,2.664,2.678,Seq: 8  
1773441094.577822,1773441095.967427,24.27,71.28,2.664,2.678,Seq: 9  
1773441095.577822,1773441096.957295,24.24,71.34,2.664,2.678,Seq: 10  
1773441096.577822,1773441097.947212,24.28,71.36,2.664,2.679,Seq: 11  
1773441097.577822,1773441098.9370341,24.27,71.39,2.664,2.679,Seq: 12  
1773441098.577822,1773441099.9269829,24.26,71.41,2.664,2.679,Seq: 13  
1773441099.577822,1773441100.9168959,24.27,71.43,2.664,2.679,Seq: 14  
1773441100.577822,1773441101.9068952,24.24,71.46,2.664,2.679,Seq: 15  
1773441101.577822,1773441102.896512,24.26,71.49,2.664,2.679,Seq: 16  
1773441102.577822,1773441103.886966,24.26,71.52,2.664,2.678,Seq: 17  
1773441103.577822,1773441104.876802,24.28,71.53,2.664,2.678,Seq: 18  
1773441104.577822,1773441105.8667989,24.26,71.56,2.664,2.678,Seq: 19  
1773441105.577822,1773441106.856607,24.25,71.6,2.664,2.678,Seq: 20  
1773441106.577822,1773441107.846609,24.28,71.6,2.664,2.678,Seq: 21  
1773441107.577822,1773441108.836522,24.26,71.63,2.663,2.678,Seq: 22  
1773441108.577822,1773441109.826596,24.25,71.66,2.663,2.677,Seq: 23  
1773441109.577822,1773441110.816587,24.26,71.71,2.663,2.677,Seq: 24  
1773441110.577822,1773441112.301602,24.25,71.71,2.662,2.677,Seq: 25  
1773441111.577822,1773441113.2914948,24.25,71.7,2.662,2.677,Seq: 26  
1773441112.577822,1773441114.281368,24.26,71.72,2.662,2.677,Seq: 27  
1773441113.577822,1773441115.271146,24.26,71.74,2.662,2.677,Seq: 28  
1773441114.577822,1773441116.261239,24.24,71.74,2.662,2.677,Seq: 29  
1773441115.577822,1773441117.2511559,24.26,71.75,2.662,2.677,Seq: 30  
1773441116.577822,1773441118.241082,24.24,71.69,2.662,2.677,Seq: 31  
1773441117.577822,1773441119.231097,24.25,71.69,2.662,2.676,Seq: 32  
1773441118.577822,1773441120.2211208,24.26,71.66,2.662,2.676,Seq: 33  
1773441119.577822,1773441121.210949,24.23,71.66,2.661,2.676,Seq: 34  
1773441120.577822,1773441122.201052,24.25,71.63,2.661,2.676,Seq: 35  
1773441121.577822,1773441123.190845,24.25,71.62,2.661,2.676,Seq: 36  
1773441122.577822,1773441124.180853,24.25,71.64,2.661,2.675,Seq: 37  
1773441123.577822,1773441125.1708732,24.24,71.65,2.661,2.675,Seq: 38  
1773441124.577822,1773441126.161376,24.26,71.68,2.661,2.676,Seq: 39  
1773441125.577822,1773441127.645576,24.24,71.67,2.661,2.676,Seq: 40  
1773441126.577822,1773441128.140561,24.24,71.66,2.661,2.676,Seq: 41  
1773441127.577822,1773441129.130477,24.24,71.66,2.661,2.675,Seq: 42  
1773441128.577822,1773441130.120491,24.22,71.65,2.661,2.675,Seq: 43  
1773441129.577822,1773441131.110286,24.23,71.62,2.661,2.675,Seq: 44  
1773441130.577822,1773441132.100356,24.24,71.62,2.661,2.676,Seq: 45  
1773441131.577822,1773441133.585319,24.21,71.64,2.662,2.676,Seq: 46  
1773441132.577822,1773441134.080189,24.25,71.62,2.661,2.676,Seq: 47  
1773441133.577822,1773441135.070261,24.24,71.62,2.662,2.676,Seq: 48  
1773441134.577822,1773441136.0602121,24.23,71.64,2.661,2.676,Seq: 49  
1773441135.577822,1773441137.545168,24.24,71.69,2.661,2.676,Seq: 50  
1773441136.577822,1773441138.5357919,24.24,71.69,2.662,2.676,Seq: 51  
1773441137.577822,1773441139.5250158,24.23,71.73,2.661,2.675,Seq: 52  
1773441138.577822,1773441140.51503,24.22,71.72,2.661,2.675,Seq: 53  
1773441139.577822,1773441141.504685,24.26,71.75,2.661,2.676,Seq: 54  
1773441140.577822,1773441142.494823,24.25,71.78,2.661,2.676,Seq: 55  
1773441141.577822,1773441143.484858,24.22,71.8,2.661,2.675,Seq: 56  
1773441142.577822,1773441144.474607,24.24,71.83,2.661,2.676,Seq: 57  
1773441143.577822,1773441145.464761,24.24,71.85,2.661,2.675,Seq: 58  
1773441144.577822,1773441146.4545841,24.24,71.87,2.661,2.675,Seq: 59  
1773441145.577822,1773441147.44504,24.24,71.9,2.66,2.675,Seq: 60  
1773441146.577822,1773441148.434567,24.24,71.93,2.66,2.675,Seq: 61  
1773441147.577822,1773441149.4242969,24.25,71.95,2.66,2.674,Seq: 62  
1773441148.577822,1773441150.414568,24.26,71.95,2.66,2.674,Seq: 63  
1773441149.577822,1773441151.403616,24.24,72.0,2.66,2.674,Seq: 64  
1773441150.577822,1773441152.940772,24.22,71.98,2.659,2.673,Seq: 65  
1773441151.577822,1773441153.436129,24.24,72.0,2.659,2.674,Seq: 66  
1773441152.577822,1773441154.425959,24.24,72.02,2.659,2.674,Seq: 67  
1773441153.577822,1773441155.416367,24.26,72.03,2.659,2.673,Seq: 68  
1773441154.577822,1773441156.900844,24.24,72.04,2.659,2.674,Seq: 69  
1773441155.577822,1773441157.395845,24.24,72.02,2.658,2.673,Seq: 70  
1773441156.577822,1773441158.385951,24.25,72.04,2.658,2.673,Seq: 71  
1773441157.577822,1773441159.375768,24.22,72.06,2.658,2.673,Seq: 72  
1773441158.577822,1773441160.365828,24.24,72.1,2.658,2.673,Seq: 73  
1773441159.577822,1773441161.3597798,24.24,72.1,2.658,2.672,Seq: 74  
1773441160.577822,1773441162.8407059,24.24,72.07,2.657,2.672,Seq: 75  
1773441161.577822,1773441163.830831,24.26,72.12,2.658,2.672,Seq: 76  
1773441162.577822,1773441164.8207889,24.25,72.13,2.658,2.672,Seq: 77  
1773441171.6429648,1773441172.6429648,24.25,72.15,2.656,2.671,Connection dropped.Seq: 0   N-0X reconnected  sequence 0  lastReceived 77.
1773441172.6429648,1773441173.6104012,24.28,72.17,2.656,2.671,Seq: 1  
1773441173.6429648,1773441174.623208,24.28,72.17,2.656,2.671,Seq: 2  
1773441174.6429648,1773441175.635643,24.26,72.19,2.655,2.671,Seq: 3  
1773441175.6429648,1773441176.648179,24.28,72.19,2.656,2.67,Seq: 4  
1773441176.6429648,1773441177.89976,24.25,72.18,2.655,2.67,Seq: 5  
1773441177.6429648,1773441178.890482,24.29,72.22,2.655,2.67,Seq: 6  
1773441178.6429648,1773441179.880801,24.27,72.21,2.656,2.671,Seq: 7  
1773441179.6429648,1773441180.869751,24.28,72.25,2.655,2.67,Seq: 8  
1773441180.6429648,1773441181.8596082,24.26,72.23,2.655,2.67,Seq: 9  
1773441181.6429648,1773441182.8503861,24.26,72.22,2.655,2.669,Seq: 10  
1773441182.6429648,1773441184.3347301,24.24,72.2,2.655,2.67,Seq: 11  
1773441183.6429648,1773441184.830587,24.25,72.23,2.655,2.67,Seq: 12  
1773441184.6429648,1773441185.8215342,24.26,72.22,2.656,2.67,Seq: 13  
1773441185.6429648,1773441186.8102741,24.25,72.22,2.655,2.67,Seq: 14  
1773441186.6429648,1773441187.8002892,24.29,72.21,2.655,2.67,Seq: 15  
1773441187.6429648,1773441188.790386,24.26,72.23,2.655,2.67,Seq: 16  
1773441188.6429648,1773441190.274471,24.24,72.2,2.655,2.67,Seq: 17  
1773441189.6429648,1773441191.2649689,24.26,72.22,2.655,2.67,Seq: 18  
1773441190.6429648,1773441192.756411,24.28,72.19,2.655,2.669,Seq: 19  
1773441191.6429648,1773441193.245353,24.25,72.19,2.655,2.67,Seq: 20  
1773441192.6429648,1773441194.73019,24.23,72.18,2.655,2.67,Seq: 21  
1773441193.6429648,1773441195.224484,24.25,72.13,2.655,2.67,Seq: 22  
1773441194.6429648,1773441196.2144551,24.25,72.15,2.655,2.67,Seq: 23  
1773441195.6429648,1773441197.2044048,24.24,72.14,2.655,2.67,Seq: 24  
1773441196.6429648,1773441198.194463,24.25,72.11,2.655,2.67,Seq: 25  
1773441197.6429648,1773441199.68016,24.25,72.15,2.655,2.67,Seq: 26  
1773441198.6429648,1773441200.174232,24.26,72.14,2.656,2.671,Seq: 27  
1773441199.6429648,1773441201.164218,24.25,72.1,2.656,2.671,Seq: 28  
1773441200.6429648,1773441202.154282,24.26,72.13,2.656,2.671,Seq: 29  
1773441201.6429648,1773441203.14425,24.27,72.07,2.656,2.671,Seq: 30  
1773441202.6429648,1773441204.1348372,24.23,72.05,2.656,2.67,Seq: 31  
1773441203.6429648,1773441205.124219,24.24,72.02,2.655,2.67,Seq: 32  
1773441204.6429648,1773441206.1150541,24.24,71.99,2.656,2.67,Seq: 33  
1773441205.6429648,1773441207.599724,24.26,71.96,2.656,2.671,Seq: 34  
1773441206.6429648,1773441208.094112,24.26,71.95,2.657,2.671,Seq: 35  
1773441207.6429648,1773441209.0848022,24.24,71.93,2.657,2.672,Seq: 36  
1773441208.6429648,1773441210.0749269,24.24,71.86,2.657,2.672,Seq: 37  
1773441209.6429648,1773441211.0649118,24.24,71.83,2.657,2.672,Seq: 38  
1773441210.6429648,1773441212.054935,24.24,71.77,2.657,2.672,Seq: 39  
1773441211.6429648,1773441213.044688,24.24,71.72,2.658,2.673,Seq: 40  
1773441212.6429648,1773441214.528995,24.24,71.71,2.658,2.672,Seq: 41  
1773441213.6429648,1773441215.518911,24.22,71.69,2.658,2.673,Seq: 42  
1773441214.6429648,1773441216.508786,24.24,71.7,2.658,2.673,Seq: 43  
1773441215.6429648,1773441217.499073,24.24,71.71,2.659,2.673,Seq: 44  
1773441216.6429648,1773441218.488899,24.24,71.73,2.659,2.673,Seq: 45  
1773441217.6429648,1773441219.479073,24.24,71.76,2.659,2.673,Seq: 46  
1773441218.6429648,1773441220.964649,24.26,71.76,2.659,2.674,Seq: 47  
1773441219.6429648,1773441221.458836,24.24,71.77,2.659,2.674,Seq: 48  
1773441220.6429648,1773441222.448878,24.24,71.81,2.659,2.673,Seq: 49  
1773441221.6429648,1773441223.4389129,24.24,71.85,2.659,2.674,Seq: 50  
1773441222.6429648,1773441224.428729,24.25,71.85,2.66,2.674,Seq: 51  
1773441223.6429648,1773441225.418666,24.23,71.84,2.659,2.674,Seq: 52  
1773441224.6429648,1773441226.408803,24.23,71.89,2.659,2.674,Seq: 53  
1773441225.6429648,1773441227.399393,24.22,71.9,2.659,2.674,Seq: 54  
1773441226.6429648,1773441228.388632,24.26,71.91,2.659,2.674,Seq: 55  
1773441227.6429648,1773441229.3803,24.24,71.9,2.66,2.674,Seq: 56  
1773441228.6429648,1773441230.36933,24.21,71.92,2.659,2.674,Seq: 57  
1773441229.6429648,1773441231.358799,24.26,71.93,2.659,2.674,Seq: 58  
1773441230.6429648,1773441232.348696,24.24,71.91,2.659,2.674,Seq: 59  
1773441231.6429648,1773441233.338588,24.22,71.9,2.659,2.674,Seq: 60  
1773441232.6429648,1773441234.328343,24.23,71.93,2.659,2.673,Seq: 61  
1773441233.6429648,1773441235.317827,24.24,71.94,2.659,2.674,Seq: 62  
1773441234.6429648,1773441236.309098,24.22,71.96,2.66,2.674,Seq: 63  
1773441235.6429648,1773441237.793688,24.21,71.96,2.659,2.674,Seq: 64  
1773441236.6429648,1773441238.289259,24.22,71.95,2.659,2.674,Seq: 65  
1773441237.6429648,1773441239.773489,24.24,71.97,2.659,2.674,Seq: 66  
1773441238.6429648,1773441240.763396,24.26,71.98,2.659,2.674,Seq: 67  
1773441239.6429648,1773441241.753377,24.24,72.02,2.659,2.673,Seq: 68  
1773441240.6429648,1773441242.743001,24.22,72.01,2.659,2.673,Seq: 69  
1773441241.6429648,1773441243.733334,24.2,72.02,2.658,2.673,Seq: 70  
1773441242.6429648,1773441244.7233481,24.21,72.05,2.658,2.673,Seq: 71  
1773441243.6429648,1773441245.714097,24.22,72.04,2.659,2.673,Seq: 72  
1773441244.6429648,1773441246.7030458,24.22,72.07,2.658,2.673,Seq: 73  
1773441245.6429648,1773441247.693054,24.22,72.08,2.658,2.672,Seq: 74  
1773441246.6429648,1773441248.68309,24.23,72.1,2.658,2.673,Seq: 75  
1773441247.6429648,1773441249.674022,24.22,72.1,2.658,2.673,Seq: 76  
1773441248.6429648,1773441250.6632771,24.23,72.09,2.658,2.672,Seq: 77  
1773441249.6429648,1773441251.6531281,24.22,72.11,2.658,2.672,Seq: 78  
1773441250.6429648,1773441252.643184,24.22,72.15,2.658,2.672,Seq: 79  
1773441251.6429648,1773441253.6331348,24.25,72.15,2.657,2.672,Seq: 80  
1773441252.6429648,1773441254.623139,24.24,72.17,2.657,2.672,Seq: 81  
1773441253.6429648,1773441255.613027,24.22,72.2,2.657,2.672,Seq: 82  
1773441254.6429648,1773441256.602992,24.25,72.2,2.657,2.672,Seq: 83  
1773441255.6429648,1773441257.592883,24.2,72.22,2.657,2.672,Seq: 84  
1773441256.6429648,1773441258.582858,24.21,72.21,2.657,2.671,Seq: 85  
1773441257.6429648,1773441259.57261,24.24,72.24,2.657,2.672,Seq: 86  
1773441258.6429648,1773441260.56279,24.21,72.22,2.657,2.671,Seq: 87  
1773441259.6429648,1773441261.5530481,24.25,72.26,2.657,2.671,Seq: 88  
1773441260.6429648,1773441262.544533,24.22,72.23,2.657,2.672,Seq: 89  
1773441261.6429648,1773441263.53367,24.24,72.25,2.656,2.671,Seq: 90  
1773441262.6429648,1773441265.0179238,24.24,72.28,2.656,2.671,Seq: 91  
1773441263.6429648,1773441266.0074282,24.23,72.28,2.656,2.671,Seq: 92  
1773441264.6429648,1773441266.997919,24.21,72.26,2.656,2.671,Seq: 93  
1773441265.6429648,1773441267.9878569,24.24,72.29,2.657,2.671,Seq: 94  
1773441266.6429648,1773441268.977695,24.22,72.3,2.656,2.671,Seq: 95  
1773441267.6429648,1773441269.968511,24.24,72.34,2.656,2.671,Seq: 96  
1773441268.6429648,1773441270.9576468,24.21,72.34,2.656,2.67,Seq: 97  
1773441269.6429648,1773441271.947805,24.24,72.35,2.656,2.67,Seq: 98  
1773441270.6429648,1773441272.937667,24.23,72.35,2.656,2.67,Seq: 99  
1773441271.6429648,1773441273.927722,24.21,72.36,2.656,2.67,Seq: 100  
1773441272.6429648,1773441274.917602,24.21,72.37,2.655,2.67,Seq: 101  
1773441273.6429648,1773441275.9085011,24.23,72.36,2.655,2.67,Seq: 102  
1773441274.6429648,1773441276.898133,24.22,72.36,2.655,2.67,Seq: 103  
1773441275.6429648,1773441277.887611,24.21,72.39,2.655,2.67,Seq: 104  
1773441276.6429648,1773441278.877619,24.24,72.41,2.655,2.67,Seq: 105  
1773441277.6429648,1773441279.867573,24.21,72.38,2.655,2.67,Seq: 106  
1773441278.6429648,1773441280.8575811,24.22,72.43,2.655,2.67,Seq: 107  
1773441279.6429648,1773441282.343334,24.19,72.41,2.654,2.669,Seq: 108  
1773441280.6429648,1773441282.838046,24.22,72.4,2.654,2.669,Seq: 109  
1773441281.6429648,1773441283.82746,24.21,72.44,2.655,2.669,Seq: 110  
1773441282.6429648,1773441284.817404,24.2,72.47,2.655,2.669,Seq: 111  
1773441283.6429648,1773441285.807651,24.22,72.47,2.655,2.67,Seq: 112  
1773441284.6429648,1773441286.7974749,24.23,72.5,2.654,2.669,Seq: 113  
1773441285.6429648,1773441287.787411,24.22,72.47,2.655,2.67,Seq: 114  
1773441286.6429648,1773441289.274013,24.22,72.51,2.655,2.67,Seq: 115  
1773441287.6429648,1773441290.262676,24.2,72.5,2.655,2.669,Seq: 116  
1773441288.6429648,1773441291.253284,24.23,72.53,2.655,2.67,Seq: 117  
1773441289.6429648,1773441292.242383,24.21,72.52,2.655,2.67,Seq: 118  
1773441290.6429648,1773441293.232799,24.23,72.53,2.654,2.669,Seq: 119  
1773441291.6429648,1773441294.223269,24.22,72.53,2.654,2.669,Seq: 120  
