unix_timestamp,elapsed_time_sec,temp1,rh1,ah1,temp2,rh2,ah2,ah_difference
1773439938,0,28.37,48.23,13.36,27.56,51.85,13.73,-0.38
1773439939,1,28.35,48.19,13.33,27.61,51.79,13.75,-0.42
1773439940,2,28.36,48.15,13.33,27.61,51.78,13.75,-0.43
1773439941,3,28.37,48.17,13.34,27.61,51.71,13.73,-0.39
1773439942,4,28.37,48.1,13.32,27.65,51.7,13.76,-0.44
1773439943,5,28.35,48.07,13.3,27.67,51.69,13.77,-0.48
1773439944,6,28.37,48.1,13.32,27.7,51.68,13.79,-0.47
1773439945,7,28.36,48.16,13.33,27.71,51.69,13.8,-0.48
1773439946,8,28.37,48.27,13.37,27.71,51.71,13.81,-0.44
1773439947,9,28.38,48.29,13.38,27.71,51.67,13.8,-0.42
1773439948,10,28.36,48.35,13.38,27.74,51.69,13.83,-0.45
1773439949,11,28.38,48.37,13.4,27.75,51.71,13.84,-0.44
1773439950,12,28.39,48.41,13.42,27.78,51.69,13.86,-0.44
1773439951,13,28.4,48.4,13.42,27.82,51.71,13.89,-0.47
1773439952,14,28.4,48.41,13.43,27.85,51.69,13.91,-0.48
1773439953,15,28.39,48.36,13.41,27.86,51.65,13.91,-0.5
1773439954,16,28.37,48.35,13.39,27.88,51.54,13.89,-0.5
1773439955,17,28.39,48.3,13.39,27.89,51.43,13.87,-0.48
1773439956,18,28.37,48.23,13.36,27.91,51.27,13.84,-0.49
1773439957,19,28.38,48.21,13.36,27.92,51.11,13.81,-0.45
1773439958,20,28.37,48.21,13.35,27.95,51.03,13.81,-0.46
1773439959,21,28.36,48.22,13.35,28.0,50.98,13.83,-0.49
1773439960,22,28.39,48.26,13.38,28.04,50.97,13.86,-0.48
1773439961,23,28.37,48.35,13.39,28.15,51.04,13.96,-0.58
1773439962,24,28.36,48.53,13.43,28.25,51.15,14.07,-0.64
1773439963,25,28.36,48.67,13.47,28.29,51.32,14.15,-0.68
1773439964,26,28.35,48.81,13.5,28.32,51.47,14.21,-0.71
1773439965,27,28.35,48.94,13.54,28.34,51.62,14.27,-0.73
1773439966,28,28.37,49.1,13.6,28.34,51.79,14.32,-0.72
1773439967,29,28.37,49.18,13.62,28.35,51.91,14.36,-0.74
1773439968,30,28.36,49.31,13.65,28.35,51.96,14.37,-0.73
1773439969,31,28.34,49.3,13.63,28.37,51.97,14.39,-0.76
1773439970,32,28.33,49.27,13.61,28.34,51.92,14.35,-0.74
1773439971,33,28.31,49.24,13.59,28.34,51.79,14.32,-0.73
1773439972,34,28.29,49.14,13.55,28.33,51.65,14.27,-0.72
1773439973,35,28.29,49.06,13.53,28.33,51.47,14.22,-0.7
1773439974,36,28.26,49.02,13.49,28.32,51.29,14.16,-0.67
1773439975,37,28.29,48.9,13.48,28.33,51.1,14.12,-0.64
1773439976,38,28.24,48.8,13.42,28.32,50.91,14.06,-0.64
1773439977,39,28.25,48.7,13.4,28.31,50.69,13.99,-0.59
1773439978,40,28.25,48.64,13.38,28.31,50.5,13.94,-0.56
1773439979,41,28.24,48.48,13.33,28.32,50.29,13.89,-0.56
1773439980,42,28.27,48.4,13.33,28.28,50.1,13.8,-0.48
1773439981,43,28.28,48.29,13.31,28.3,49.98,13.79,-0.48
1773439982,44,28.32,48.26,13.33,28.31,49.93,13.78,-0.45
1773439983,45,28.32,48.21,13.31,28.33,49.83,13.77,-0.45
1773439984,46,28.34,48.16,13.31,28.33,49.75,13.75,-0.43
1773439985,47,28.35,48.14,13.32,28.34,49.7,13.74,-0.42
1773439986,48,28.37,48.07,13.31,28.36,49.67,13.75,-0.44
1773439987,49,28.38,48.06,13.32,28.36,49.66,13.74,-0.43
1773439988,50,28.39,48.02,13.31,28.36,49.65,13.74,-0.43
1773439989,51,28.39,47.97,13.3,28.37,49.57,13.73,-0.43
1773439990,52,28.38,47.93,13.28,28.37,49.55,13.72,-0.44
1773439991,53,28.37,47.9,13.26,28.36,49.5,13.7,-0.44
1773439992,54,28.37,47.82,13.24,28.34,49.35,13.64,-0.4
1773439993,55,28.39,47.76,13.24,28.31,49.24,13.59,-0.35
1773439994,56,28.35,47.68,13.19,28.29,49.12,13.54,-0.35
1773439995,57,28.36,47.67,13.19,28.3,49.05,13.53,-0.34
1773439996,58,28.37,47.71,13.21,28.29,49.06,13.53,-0.31
1773439997,59,28.34,47.75,13.2,28.25,49.09,13.5,-0.3
1773439998,60,28.33,47.74,13.19,28.25,49.06,13.5,-0.31
1773439999,61,28.31,47.71,13.17,28.23,49.01,13.47,-0.3
1773440000,62,28.29,47.66,13.14,28.26,48.93,13.47,-0.33
1773440001,63,28.29,47.66,13.14,28.25,48.84,13.44,-0.3
1773440002,64,28.29,47.66,13.14,28.24,48.84,13.43,-0.29
1773440003,65,28.27,47.7,13.14,28.24,48.89,13.44,-0.31
1773440004,66,28.25,47.79,13.15,28.23,49.0,13.46,-0.32
1773440005,67,28.28,47.88,13.19,28.2,49.06,13.46,-0.27
1773440006,68,28.25,47.94,13.19,28.18,49.19,13.48,-0.29
1773440007,69,28.24,47.95,13.18,28.16,49.21,13.47,-0.29
1773440008,70,28.25,47.92,13.18,28.18,49.19,13.48,-0.3
1773440009,71,28.25,47.9,13.18,28.18,49.16,13.47,-0.29
1773440010,72,28.23,47.87,13.15,28.13,49.11,13.42,-0.27
1773440011,73,28.2,47.84,13.12,28.15,49.1,13.43,-0.31
1773440012,74,28.19,47.75,13.09,28.14,48.99,13.4,-0.3
1773440013,75,28.21,47.68,13.09,28.15,48.92,13.38,-0.3
1773440014,76,28.2,47.63,13.07,28.12,48.84,13.34,-0.27
1773440015,77,28.16,47.54,13.01,28.13,48.75,13.32,-0.31
1773440016,78,28.18,47.48,13.01,28.11,48.67,13.29,-0.27
1773440017,79,28.16,47.41,12.98,28.11,48.57,13.26,-0.28
1773440018,80,28.18,47.36,12.98,28.1,48.46,13.22,-0.24
1773440019,81,28.16,47.26,12.94,28.09,48.38,13.19,-0.26
1773440020,82,28.14,47.23,12.91,28.07,48.28,13.15,-0.24
1773440021,83,28.12,47.13,12.87,28.06,48.21,13.12,-0.25
1773440022,84,28.12,47.03,12.85,28.04,48.09,13.08,-0.23
1773440023,85,28.1,46.97,12.82,28.03,48.02,13.05,-0.24
1773440024,86,28.1,46.9,12.8,28.01,47.95,13.02,-0.22
1773440025,87,28.12,46.77,12.77,28.0,47.82,12.98,-0.2
1773440026,88,28.09,46.7,12.73,27.97,47.71,12.92,-0.19
1773440027,89,28.07,46.62,12.7,27.96,47.62,12.89,-0.19
1773440028,90,28.06,46.56,12.68,27.96,47.49,12.86,-0.18
1773440029,91,28.05,46.53,12.66,27.95,47.39,12.82,-0.16
1773440030,92,28.04,46.51,12.65,27.95,47.31,12.8,-0.15
1773440031,93,28.01,46.45,12.61,27.93,47.22,12.76,-0.15
1773440032,94,28.0,46.41,12.59,27.94,47.15,12.75,-0.16
1773440033,95,28.0,46.39,12.59,27.92,47.07,12.72,-0.13
1773440034,96,27.97,46.34,12.55,27.93,46.97,12.7,-0.14
1773440035,97,27.96,46.3,12.54,27.91,46.9,12.66,-0.13
1773440036,98,27.95,46.29,12.53,27.91,46.85,12.65,-0.12
1773440037,99,27.94,46.23,12.5,27.92,46.77,12.64,-0.13
1773440038,100,27.93,46.18,12.48,27.89,46.68,12.59,-0.11
1773440039,101,27.92,46.19,12.48,27.9,46.61,12.58,-0.1
1773440040,102,27.92,46.13,12.46,27.88,46.52,12.54,-0.08
1773440041,103,27.9,46.09,12.44,27.89,46.42,12.52,-0.08
1773440042,104,27.88,46.06,12.42,27.87,46.36,12.49,-0.07
1773440043,105,27.88,46.03,12.41,27.86,46.27,12.46,-0.05
1773440044,106,27.87,46.02,12.4,27.86,46.27,12.46,-0.06
1773440045,107,27.86,46.0,12.39,27.86,46.23,12.45,-0.06
1773440046,108,27.84,45.96,12.36,27.86,46.21,12.44,-0.08
1773440047,109,27.85,45.97,12.37,27.84,46.19,12.42,-0.05
1773440048,110,27.84,45.89,12.34,27.8,46.14,12.38,-0.04
1773440049,111,27.82,45.88,12.33,27.8,46.09,12.37,-0.04
1773440050,112,27.81,45.83,12.31,27.8,46.08,12.37,-0.06
1773440051,113,27.82,45.82,12.31,27.78,46.01,12.33,-0.02
1773440052,114,27.82,45.75,12.29,27.76,46.0,12.32,-0.03
1773440053,115,27.8,45.67,12.26,27.72,45.93,12.27,-0.02
1773440054,116,27.79,45.58,12.23,27.71,45.87,12.25,-0.02
1773440055,117,27.78,45.43,12.18,27.7,45.88,12.25,-0.07
1773440056,118,27.78,45.37,12.16,27.66,45.87,12.22,-0.05
1773440057,119,27.77,45.41,12.17,27.67,46.03,12.27,-0.1
1773440058,120,27.76,45.53,12.19,27.65,46.13,12.28,-0.09
1773440059,121,27.73,45.62,12.2,27.63,46.17,12.28,-0.08
1773440060,122,27.74,45.67,12.22,27.6,46.26,12.28,-0.06
1773440061,123,27.73,45.75,12.23,27.63,46.3,12.31,-0.08
1773440062,124,27.74,45.78,12.25,27.62,46.39,12.33,-0.08
1773440063,125,27.71,45.75,12.22,27.59,46.36,12.3,-0.08
1773440064,126,27.71,45.76,12.22,27.6,46.35,12.3,-0.08
1773440065,127,27.68,45.72,12.19,27.59,46.34,12.29,-0.1
1773440066,128,27.68,45.75,12.2,27.58,46.34,12.29,-0.09
1773440067,129,27.66,45.7,12.17,27.55,46.34,12.27,-0.1
1773440068,130,27.65,45.68,12.16,27.55,46.34,12.27,-0.11
1773440069,131,27.65,45.69,12.16,27.54,46.32,12.25,-0.09
1773440070,132,27.66,45.66,12.16,27.55,46.28,12.25,-0.09
1773440071,133,27.67,45.63,12.16,27.53,46.27,12.23,-0.08
1773440072,134,27.62,45.57,12.11,27.5,46.22,12.2,-0.09
1773440073,135,27.6,45.58,12.1,27.51,46.21,12.21,-0.11
1773440074,136,27.59,45.58,12.09,27.5,46.19,12.19,-0.1
1773440075,137,27.59,45.52,12.08,27.51,46.15,12.19,-0.11
1773440076,138,27.59,45.49,12.07,27.47,46.11,12.15,-0.08
1773440077,139,27.59,45.47,12.06,27.49,46.1,12.16,-0.1
1773440078,140,27.58,45.47,12.06,27.48,46.04,12.14,-0.08
1773440079,141,27.57,45.45,12.04,27.47,46.01,12.13,-0.08
1773440080,142,27.55,45.35,12.0,27.46,46.0,12.12,-0.11
1773440081,143,27.53,45.39,12.0,27.45,45.94,12.09,-0.09
1773440082,144,27.52,45.32,11.98,27.45,45.92,12.09,-0.11
1773440083,145,27.51,45.32,11.97,27.43,45.9,12.07,-0.1
1773440084,146,27.49,45.33,11.96,27.42,45.84,12.05,-0.09
1773440085,147,27.49,45.27,11.94,27.42,45.87,12.06,-0.11
1773440086,148,27.48,45.29,11.94,27.41,45.84,12.04,-0.1
1773440087,149,27.48,45.25,11.93,27.39,45.82,12.02,-0.09
1773440088,150,27.47,45.23,11.92,27.41,45.81,12.03,-0.11
1773440089,151,27.47,45.16,11.9,27.37,45.8,12.0,-0.1
1773440090,152,27.45,45.23,11.91,27.38,45.77,12.0,-0.1
1773440091,153,27.46,45.38,11.95,27.38,45.9,12.04,-0.08
1773440092,154,27.46,46.12,12.15,27.21,46.48,12.07,0.07
1773440093,155,27.45,48.57,12.79,27.18,49.91,12.94,-0.16
1773440094,156,27.46,51.26,13.5,27.16,54.51,14.12,-0.62
1773440095,157,27.44,54.55,14.35,27.14,58.85,15.23,-0.88
1773440096,158,27.42,57.08,15.0,27.15,62.76,16.25,-1.25
1773440097,159,27.41,59.5,15.63,27.16,66.04,17.11,-1.48
1773440098,160,27.42,61.81,16.24,27.16,69.03,17.88,-1.64
1773440099,161,27.4,63.85,16.76,27.17,71.52,18.54,-1.78
1773440100,162,27.38,65.64,17.21,27.15,73.79,19.11,-1.89
1773440101,163,27.39,67.17,17.62,27.15,75.78,19.62,-2.0
1773440102,164,27.37,68.46,17.94,27.13,77.39,20.02,-2.07
1773440103,165,27.35,69.56,18.21,27.13,78.81,20.38,-2.17
1773440104,166,27.35,70.53,18.46,27.11,80.0,20.67,-2.2
1773440105,167,27.33,71.32,18.65,27.11,81.08,20.95,-2.3
1773440106,168,27.34,72.08,18.86,27.11,81.93,21.17,-2.31
1773440107,169,27.32,72.68,19.0,27.08,82.71,21.33,-2.34
1773440108,170,27.32,73.24,19.14,27.08,83.35,21.5,-2.36
1773440109,171,27.33,73.75,19.29,27.08,83.91,21.64,-2.36
1773440110,172,27.29,74.21,19.36,27.07,84.39,21.75,-2.39
1773440111,173,27.29,74.62,19.47,27.07,84.8,21.86,-2.39
1773440112,174,27.27,74.97,19.54,27.05,85.18,21.93,-2.39
1773440113,175,27.24,75.34,19.6,27.04,85.49,22.0,-2.4
1773440114,176,27.24,75.68,19.69,27.04,85.77,22.07,-2.38
1773440115,177,27.24,75.96,19.77,27.04,85.99,22.13,-2.36
1773440116,178,27.22,76.22,19.81,27.02,86.15,22.15,-2.33
1773440117,179,27.21,76.46,19.86,27.01,86.35,22.19,-2.32
1773440118,180,27.2,76.71,19.92,27.01,86.47,22.22,-2.3
1773440119,181,27.2,76.9,19.97,27.0,86.53,22.22,-2.25
1773440120,182,27.18,77.08,19.99,26.99,86.61,22.23,-2.24
1773440121,183,27.15,77.26,20.0,27.0,86.59,22.23,-2.23
1773440122,184,27.16,77.45,20.06,26.98,86.58,22.21,-2.14
1773440123,185,27.15,77.6,20.09,26.98,86.54,22.2,-2.1
1773440124,186,27.14,77.74,20.12,26.99,86.41,22.18,-2.06
1773440125,187,27.12,77.91,20.14,26.96,86.32,22.12,-1.98
1773440126,188,27.12,78.05,20.18,26.96,86.17,22.08,-1.9
1773440127,189,27.12,78.2,20.21,26.96,86.05,22.05,-1.83
1773440128,190,27.1,78.33,20.23,26.93,85.9,21.97,-1.75
1773440129,191,27.08,78.45,20.23,26.94,85.75,21.95,-1.71
1773440130,192,27.07,78.57,20.25,26.94,85.56,21.9,-1.64
1773440131,193,27.06,78.66,20.27,26.95,85.37,21.86,-1.6
1773440132,194,27.05,78.71,20.27,26.92,85.12,21.76,-1.49
1773440133,195,27.05,78.76,20.28,26.92,84.85,21.69,-1.41
1773440134,196,27.04,78.8,20.28,26.9,84.54,21.59,-1.31
1773440135,197,27.03,78.85,20.28,26.91,84.22,21.52,-1.24
1773440136,198,27.01,78.87,20.26,26.9,83.91,21.43,-1.16
1773440137,199,27.01,78.91,20.27,26.89,83.7,21.36,-1.09
1773440138,200,26.97,78.96,20.24,26.88,83.42,21.28,-1.04
1773440139,201,26.96,79.02,20.25,26.86,83.18,21.19,-0.95
1773440140,202,26.95,79.1,20.26,26.86,82.98,21.14,-0.89
1773440141,203,26.94,79.14,20.25,26.84,82.79,21.07,-0.82
1773440142,204,26.92,79.22,20.25,26.83,82.58,21.01,-0.75
1773440143,205,26.92,79.28,20.27,26.83,82.4,20.96,-0.69
1773440144,206,26.91,79.37,20.28,26.81,82.22,20.89,-0.61
1773440145,207,26.91,79.43,20.29,26.79,82.03,20.82,-0.53
1773440146,208,26.89,79.47,20.28,26.78,81.85,20.76,-0.48
1773440147,209,26.88,79.53,20.29,26.79,81.68,20.73,-0.44
1773440148,210,26.86,79.61,20.28,26.76,81.48,20.65,-0.36
1773440149,211,26.85,79.7,20.3,26.74,81.31,20.58,-0.28
1773440150,212,26.84,79.77,20.3,26.76,81.12,20.55,-0.25
1773440151,213,26.82,79.81,20.29,26.71,80.91,20.44,-0.15
1773440152,214,26.81,79.84,20.29,26.72,80.73,20.41,-0.12
1773440153,215,26.8,79.94,20.3,26.71,80.53,20.35,-0.05
1773440154,216,26.78,80.01,20.3,26.69,80.32,20.27,0.02
1773440155,217,26.79,80.06,20.32,26.69,80.15,20.23,0.09
1773440156,218,26.75,80.09,20.28,26.68,79.94,20.17,0.12
1773440157,219,26.76,80.16,20.31,26.68,79.79,20.13,0.18
1773440158,220,26.75,80.18,20.31,26.69,79.67,20.11,0.2
1773440159,221,26.71,80.25,20.28,26.67,79.5,20.04,0.23
1773440160,222,26.72,80.29,20.3,26.66,79.34,19.99,0.31
1773440161,223,26.71,80.36,20.31,26.65,79.23,19.95,0.35
1773440162,224,26.69,80.39,20.29,26.64,79.12,19.91,0.38
1773440163,225,26.68,80.42,20.29,26.62,79.01,19.87,0.42
1773440164,226,26.68,80.51,20.31,26.62,78.89,19.83,0.47
1773440165,227,26.66,80.54,20.29,26.62,78.78,19.81,0.49
1773440166,228,26.67,80.58,20.32,26.61,78.65,19.76,0.55
1773440167,229,26.64,80.63,20.29,26.61,78.54,19.74,0.56
1773440168,230,26.64,80.68,20.31,26.59,78.44,19.69,0.62
1773440169,231,26.64,80.71,20.32,26.6,78.34,19.67,0.64
1773440170,232,26.62,80.76,20.31,26.6,78.28,19.66,0.65
1773440171,233,26.61,80.8,20.3,26.56,78.17,19.59,0.72
1773440172,234,26.6,80.85,20.31,26.56,78.07,19.56,0.74
1773440173,235,26.61,80.88,20.32,26.57,78.0,19.56,0.77
1773440174,236,26.59,80.89,20.3,26.56,77.93,19.53,0.78
1773440175,237,26.58,80.96,20.31,26.53,77.84,19.47,0.84
1773440176,238,26.6,80.98,20.34,26.52,77.76,19.44,0.9
1773440177,239,26.55,81.01,20.29,26.52,77.69,19.42,0.86
1773440178,240,26.57,81.06,20.32,26.54,77.62,19.43,0.89
1773440179,241,26.54,81.09,20.3,26.51,77.55,19.38,0.92
1773440180,242,26.53,81.12,20.29,26.49,77.49,19.34,0.95
1773440181,243,26.53,81.16,20.3,26.49,77.42,19.33,0.98
1773440182,244,26.53,81.16,20.3,26.46,77.37,19.28,1.02
1773440183,245,26.55,81.22,20.34,26.48,77.28,19.28,1.06
1773440184,246,26.51,81.23,20.3,26.45,77.22,19.23,1.07
1773440185,247,26.51,81.27,20.31,26.46,77.14,19.22,1.09
1773440186,248,26.48,81.3,20.28,26.44,77.07,19.18,1.1
1773440187,249,26.47,81.32,20.28,26.45,76.97,19.17,1.11
1773440188,250,26.49,81.37,20.31,26.41,76.93,19.12,1.19
1773440189,251,26.49,81.38,20.31,26.41,76.84,19.1,1.22
1773440190,252,26.49,81.4,20.32,26.41,76.79,19.08,1.24
1773440191,253,26.44,81.42,20.27,26.38,76.67,19.02,1.25
1773440192,254,26.43,81.42,20.26,26.4,76.58,19.02,1.24
1773440193,255,26.43,81.46,20.27,26.39,76.5,18.99,1.28
1773440194,256,26.46,81.47,20.3,26.39,76.4,18.96,1.34
1773440195,257,26.44,81.51,20.29,26.36,76.28,18.9,1.39
1773440196,258,26.42,81.52,20.27,26.37,76.16,18.88,1.39
1773440197,259,26.42,81.54,20.27,26.35,76.04,18.83,1.44
1773440198,260,26.42,81.57,20.28,26.36,75.93,18.82,1.47
1773440199,261,26.4,81.57,20.26,26.36,75.84,18.79,1.47
1773440200,262,26.4,81.58,20.26,26.34,75.74,18.75,1.51
1773440201,263,26.4,81.59,20.26,26.33,75.63,18.71,1.55
1773440202,264,26.38,81.59,20.24,26.32,75.52,18.67,1.57
1773440203,265,26.39,81.62,20.26,26.31,75.43,18.64,1.62
1773440204,266,26.38,81.64,20.25,26.31,75.34,18.62,1.64
1773440205,267,26.36,81.65,20.23,26.29,75.22,18.57,1.67
1773440206,268,26.36,81.65,20.23,26.32,75.14,18.58,1.65
1773440207,269,26.34,81.68,20.22,26.3,75.09,18.55,1.67
1773440208,270,26.35,81.69,20.23,26.28,74.99,18.5,1.73
1773440209,271,26.34,81.71,20.23,26.29,74.92,18.49,1.73
1773440210,272,26.34,81.75,20.24,26.28,74.9,18.48,1.76
1773440211,273,26.33,81.73,20.22,26.27,74.82,18.45,1.77
1773440212,274,26.3,81.74,20.19,26.26,74.77,18.43,1.76
1773440213,275,26.32,81.76,20.22,26.26,74.69,18.41,1.81
1773440214,276,26.3,81.74,20.19,26.24,74.65,18.38,1.81
1773440215,277,26.29,81.79,20.19,26.26,74.61,18.39,1.8
1773440216,278,26.3,81.82,20.21,26.26,74.55,18.37,1.84
1773440217,279,26.29,81.8,20.19,26.25,74.51,18.35,1.84
1773440218,280,26.28,81.83,20.19,26.24,74.45,18.33,1.86
1773440219,281,26.26,81.83,20.17,26.24,74.41,18.32,1.85
1773440220,282,26.28,81.85,20.19,26.23,74.38,18.3,1.89
1773440221,283,26.26,81.88,20.18,26.22,74.31,18.27,1.91
1773440222,284,26.25,81.9,20.17,26.22,74.3,18.27,1.9
1773440223,285,26.23,81.88,20.14,26.21,74.26,18.25,1.9
1773440224,286,26.25,81.89,20.17,26.22,74.23,18.25,1.92
1773440225,287,26.24,81.91,20.16,26.2,74.17,18.22,1.95
1773440226,288,26.25,81.92,20.18,26.19,74.15,18.2,1.97
1773440227,289,26.23,81.92,20.15,26.2,74.13,18.21,1.95
1773440228,290,26.2,81.91,20.12,26.2,74.1,18.2,1.92
1773440229,291,26.21,81.92,20.13,26.17,74.05,18.16,1.97
1773440230,292,26.21,81.94,20.14,26.18,74.03,18.16,1.97
1773440231,293,26.19,81.95,20.12,26.17,74.01,18.15,1.97
1773440232,294,26.21,81.94,20.14,26.18,73.99,18.15,1.98
1773440233,295,26.19,81.97,20.12,26.16,73.95,18.12,2.0
1773440234,296,26.17,81.97,20.1,26.15,73.91,18.1,2.0
1773440235,297,26.17,81.98,20.1,26.16,73.89,18.11,1.99
1773440236,298,26.16,81.99,20.09,26.14,73.87,18.08,2.01
1773440237,299,26.18,82.01,20.12,26.16,73.83,18.09,2.03
1773440238,300,26.17,82.02,20.11,26.1,73.81,18.03,2.08
1773440239,301,26.13,82.03,20.07,26.14,73.82,18.07,2.0
1773440240,302,26.16,82.05,20.11,26.12,73.77,18.04,2.07
1773440241,303,26.14,82.06,20.09,26.12,73.76,18.04,2.05
1773440242,304,26.14,82.05,20.09,26.1,73.71,18.0,2.08
1773440243,305,26.14,82.09,20.1,26.13,73.69,18.03,2.07
1773440244,306,26.13,82.09,20.08,26.09,73.62,17.97,2.11
1773440245,307,26.13,82.11,20.09,26.08,73.56,17.95,2.14
1773440246,308,26.1,82.1,20.05,26.08,73.51,17.94,2.12
1773440247,309,26.1,82.13,20.06,26.07,73.46,17.91,2.15
1773440248,310,26.09,82.12,20.05,26.06,73.39,17.89,2.16
1773440249,311,26.08,82.15,20.04,26.04,73.33,17.85,2.19
1773440250,312,26.08,82.16,20.05,26.04,73.31,17.85,2.2
1773440251,313,26.08,82.17,20.05,26.04,73.26,17.83,2.21
1773440252,314,26.05,82.18,20.02,26.05,73.22,17.83,2.18
1773440253,315,26.05,82.21,20.02,26.03,73.18,17.8,2.22
1773440254,316,26.05,82.21,20.02,26.06,73.18,17.83,2.19
1773440255,317,26.04,82.22,20.02,26.02,73.12,17.78,2.24
1773440256,318,26.04,82.22,20.02,26.02,73.09,17.77,2.24
1773440257,319,26.02,82.25,20.0,26.01,73.07,17.76,2.24
1773440258,320,26.02,82.25,20.0,26.01,73.01,17.74,2.26
1773440259,321,26.02,82.28,20.01,26.03,72.99,17.76,2.25
1773440260,322,26.02,82.31,20.01,26.0,72.96,17.72,2.29
1773440261,323,25.99,82.3,19.98,26.0,72.94,17.72,2.26
1773440262,324,26.0,82.31,19.99,25.99,72.92,17.7,2.29
1773440263,325,25.99,82.34,19.99,25.99,72.91,17.7,2.29
1773440264,326,25.98,82.35,19.98,26.0,72.89,17.7,2.28
1773440265,327,25.99,82.37,20.0,25.97,72.86,17.67,2.33
1773440266,328,25.95,82.35,19.95,26.0,72.83,17.69,2.26
1773440267,329,25.95,82.36,19.95,25.97,72.8,17.65,2.3
1773440268,330,25.94,82.38,19.94,25.97,72.81,17.66,2.29
1773440269,331,25.96,82.4,19.97,25.96,72.74,17.63,2.34
1773440270,332,25.94,82.43,19.95,25.96,72.73,17.63,2.33
1773440271,333,25.94,82.44,19.96,25.96,72.73,17.63,2.33
1773440272,334,25.93,82.43,19.94,25.95,72.69,17.61,2.34
1773440273,335,25.94,82.44,19.96,25.94,72.63,17.58,2.37
1773440274,336,25.93,82.46,19.95,25.95,72.65,17.6,2.35
1773440275,337,25.91,82.49,19.94,25.94,72.61,17.58,2.36
1773440276,338,25.92,82.5,19.95,25.92,72.61,17.56,2.39
1773440277,339,25.91,82.51,19.94,25.94,72.59,17.57,2.37
1773440278,340,25.91,82.51,19.94,25.91,72.55,17.53,2.41
1773440279,341,25.9,82.54,19.94,25.91,72.55,17.53,2.4
1773440280,342,25.88,82.53,19.91,25.92,72.57,17.55,2.36
1773440281,343,25.89,82.57,19.93,25.92,72.55,17.54,2.39
1773440282,344,25.87,82.6,19.92,25.89,72.57,17.52,2.4
1773440283,345,25.86,82.57,19.9,25.88,72.55,17.5,2.4
1773440284,346,25.84,82.6,19.88,25.89,72.53,17.51,2.38
1773440285,347,25.87,82.6,19.92,25.87,72.53,17.49,2.43
1773440286,348,25.87,82.6,19.92,25.88,72.53,17.5,2.42
1773440287,349,25.85,82.62,19.9,25.87,72.52,17.49,2.41
1773440288,350,25.83,82.66,19.89,25.85,72.5,17.46,2.42
1773440289,351,25.85,82.65,19.91,25.85,72.52,17.47,2.44
1773440290,352,25.84,82.67,19.9,25.85,72.54,17.47,2.43
1773440291,353,25.81,82.69,19.87,25.85,72.51,17.47,2.41
1773440292,354,25.82,82.69,19.88,25.86,72.5,17.47,2.41
1773440293,355,25.82,82.71,19.89,25.85,72.51,17.47,2.42
1773440294,356,25.81,82.72,19.88,25.84,72.48,17.45,2.43
1773440295,357,25.8,82.71,19.87,25.82,72.46,17.42,2.44
1773440296,358,25.79,82.73,19.86,25.84,72.44,17.44,2.42
1773440297,359,25.8,82.76,19.88,25.84,72.42,17.43,2.44
1773440298,360,25.8,82.82,19.89,25.83,72.4,17.42,2.47
1773440299,361,25.77,82.8,19.85,25.81,72.41,17.4,2.45
1773440300,362,25.78,82.78,19.86,25.78,72.42,17.38,2.49
1773440301,363,25.76,82.82,19.85,25.8,72.43,17.4,2.45
1773440302,364,25.75,82.84,19.84,25.83,72.41,17.42,2.42
1773440303,365,25.75,82.83,19.84,25.8,72.4,17.39,2.45
1773440304,366,25.76,82.85,19.86,25.8,72.38,17.39,2.47
1773440305,367,25.75,82.87,19.85,25.81,72.33,17.38,2.47
1773440306,368,25.75,82.89,19.85,25.79,72.34,17.37,2.49
1773440307,369,25.73,82.86,19.82,25.81,72.31,17.38,2.45
1773440308,370,25.73,82.89,19.83,25.78,72.27,17.34,2.49
1773440309,371,25.75,82.92,19.86,25.77,72.31,17.34,2.52
1773440310,372,25.72,82.92,19.83,25.78,72.3,17.35,2.48
1773440311,373,25.71,82.92,19.82,25.77,72.28,17.33,2.48
1773440312,374,25.71,82.96,19.83,25.78,72.28,17.34,2.48
1773440313,375,25.71,82.94,19.82,25.75,72.3,17.32,2.5
1773440314,376,25.7,82.97,19.82,25.74,72.29,17.31,2.51
1773440315,377,25.7,82.98,19.82,25.74,72.26,17.3,2.52
1773440316,378,25.67,82.99,19.79,25.74,72.29,17.31,2.48
1773440317,379,25.68,82.99,19.8,25.74,72.29,17.31,2.49
1773440318,380,25.69,83.03,19.82,25.75,72.28,17.31,2.51
1773440319,381,25.68,83.04,19.81,25.74,72.29,17.31,2.51
1773440320,382,25.68,83.06,19.82,25.74,72.26,17.3,2.52
1773440321,383,25.68,83.09,19.82,25.73,72.23,17.28,2.54
1773440322,384,25.66,83.08,19.8,25.73,72.23,17.28,2.52
1773440323,385,25.67,83.1,19.82,25.72,72.19,17.26,2.55
1773440324,386,25.66,83.09,19.8,25.72,72.18,17.26,2.54
1773440325,387,25.65,83.1,19.79,25.74,72.18,17.28,2.51
1773440326,388,25.63,83.12,19.78,25.69,72.19,17.23,2.54
1773440327,389,25.62,83.09,19.76,25.71,72.13,17.24,2.52
1773440328,390,25.63,83.12,19.78,25.7,72.14,17.23,2.55
1773440329,391,25.64,83.15,19.79,25.7,72.14,17.23,2.56
1773440330,392,25.64,83.17,19.8,25.69,72.11,17.21,2.58
1773440331,393,25.62,83.16,19.77,25.67,72.11,17.2,2.58
1773440332,394,25.63,83.17,19.79,25.67,72.11,17.2,2.59
1773440333,395,25.62,83.17,19.78,25.69,72.14,17.22,2.56
1773440334,396,25.6,83.17,19.75,25.67,72.13,17.2,2.56
1773440335,397,25.6,83.19,19.76,25.68,72.13,17.21,2.55
1773440336,398,25.59,83.2,19.75,25.68,72.15,17.21,2.54
1773440337,399,25.59,83.22,19.76,25.69,72.15,17.22,2.53
1773440338,400,25.61,83.22,19.78,25.66,72.2,17.21,2.57
1773440339,401,25.58,83.22,19.74,25.67,72.17,17.21,2.54
1773440340,402,25.57,83.24,19.74,25.67,72.21,17.22,2.52
1773440341,403,25.57,83.26,19.74,25.66,72.22,17.21,2.53
1773440342,404,25.58,83.25,19.75,25.67,72.23,17.22,2.53
1773440343,405,25.59,83.27,19.77,25.66,72.21,17.21,2.56
1773440344,406,25.56,83.28,19.74,25.66,72.24,17.22,2.52
1773440345,407,25.56,83.3,19.74,25.65,72.27,17.21,2.53
1773440346,408,25.56,83.31,19.74,25.66,72.26,17.22,2.52
1773440347,409,25.54,83.29,19.72,25.66,72.29,17.23,2.49
1773440348,410,25.56,83.33,19.75,25.64,72.26,17.2,2.55
1773440349,411,25.52,83.32,19.7,25.63,72.29,17.2,2.5
1773440350,412,25.54,83.33,19.73,25.61,72.26,17.17,2.55
1773440351,413,25.53,83.34,19.72,25.63,72.26,17.19,2.53
1773440352,414,25.53,83.35,19.72,25.63,72.25,17.19,2.53
1773440353,415,25.54,83.34,19.73,25.63,72.24,17.19,2.54
1773440354,416,25.52,83.35,19.71,25.62,72.22,17.17,2.54
1773440355,417,25.51,83.34,19.7,25.61,72.21,17.16,2.53
1773440356,418,25.49,83.36,19.68,25.6,72.21,17.15,2.53
1773440357,419,25.52,83.35,19.71,25.58,72.18,17.13,2.58
1773440358,420,25.5,83.38,19.69,25.6,72.15,17.14,2.56
1773440359,421,25.5,83.37,19.69,25.58,72.03,17.09,2.6
1773440360,422,25.48,83.36,19.67,25.61,71.98,17.11,2.56
1773440361,423,25.47,83.37,19.66,25.57,71.94,17.06,2.6
1773440362,424,25.45,83.36,19.63,25.57,71.91,17.05,2.58
1773440363,425,25.44,83.39,19.63,25.58,71.87,17.05,2.58
1773440364,426,25.44,83.38,19.63,25.55,71.84,17.02,2.61
1773440365,427,25.44,83.4,19.63,25.57,71.83,17.03,2.6
1773440366,428,25.45,83.41,19.65,25.56,71.84,17.03,2.62
1773440367,429,25.44,83.42,19.64,25.55,71.83,17.01,2.62
1773440368,430,25.43,83.42,19.63,25.54,71.79,16.99,2.63
1773440369,431,25.43,83.44,19.63,25.55,71.8,17.01,2.62
1773440370,432,25.41,83.44,19.61,25.53,71.8,16.99,2.62
1773440371,433,25.43,83.44,19.63,25.53,71.8,16.99,2.64
1773440372,434,25.42,83.45,19.62,25.54,71.81,17.0,2.62
1773440373,435,25.4,83.45,19.6,25.55,71.81,17.01,2.59
1773440374,436,25.39,83.44,19.59,25.53,71.81,16.99,2.6
1773440375,437,25.4,83.45,19.6,25.52,71.74,16.96,2.64
1773440376,438,25.37,83.43,19.56,25.51,71.73,16.95,2.61
1773440377,439,25.37,83.46,19.57,25.52,71.69,16.95,2.62
1773440378,440,25.38,83.43,19.57,25.52,71.68,16.95,2.62
1773440379,441,25.37,83.41,19.56,25.5,71.68,16.93,2.63
1773440380,442,25.35,83.42,19.54,25.51,71.67,16.94,2.6
1773440381,443,25.35,83.46,19.55,25.51,71.7,16.94,2.6
1773440382,444,25.36,83.45,19.56,25.51,71.72,16.95,2.61
1773440383,445,25.34,83.42,19.53,25.51,71.74,16.95,2.57
1773440384,446,25.35,83.42,19.54,25.48,71.74,16.93,2.61
1773440385,447,25.31,83.43,19.5,25.49,71.79,16.95,2.55
1773440386,448,25.35,83.42,19.54,25.49,71.78,16.94,2.59
1773440387,449,25.33,83.42,19.52,25.49,71.78,16.94,2.57
1773440388,450,25.31,83.43,19.5,25.48,71.8,16.94,2.56
1773440389,451,25.32,83.4,19.5,25.48,71.83,16.95,2.55
1773440390,452,25.33,83.4,19.51,25.49,71.83,16.96,2.56
1773440391,453,25.32,83.42,19.51,25.47,71.85,16.94,2.56
1773440392,454,25.31,83.4,19.49,25.5,71.88,16.98,2.51
1773440393,455,25.33,83.4,19.51,25.49,71.87,16.97,2.55
1773440394,456,25.31,83.4,19.49,25.49,71.88,16.97,2.52
1773440395,457,25.31,83.41,19.49,25.47,71.9,16.95,2.54
1773440396,458,25.31,83.42,19.49,25.46,71.88,16.94,2.55
1773440397,459,25.28,83.43,19.46,25.47,71.91,16.96,2.51
1773440398,460,25.31,83.43,19.5,25.46,71.91,16.95,2.55
1773440399,461,25.3,83.41,19.48,25.47,71.94,16.96,2.52
1773440400,462,25.28,83.4,19.46,25.47,71.91,16.96,2.5
1773440401,463,25.27,83.41,19.45,25.45,71.93,16.94,2.51
1773440402,464,25.29,83.44,19.48,25.45,71.91,16.94,2.54
1773440403,465,25.28,83.41,19.46,25.43,71.87,16.91,2.55
1773440404,466,25.27,83.42,19.45,25.44,71.91,16.93,2.52
1773440405,467,25.27,83.45,19.46,25.44,71.85,16.91,2.54
1773440406,468,25.25,83.42,19.43,25.45,71.86,16.93,2.5
1773440407,469,25.26,83.4,19.44,25.42,71.86,16.9,2.54
1773440408,470,25.29,83.43,19.48,25.42,71.86,16.9,2.58
1773440409,471,25.26,83.43,19.44,25.44,71.86,16.92,2.53
1773440410,472,25.26,83.43,19.44,25.43,71.87,16.91,2.53
1773440411,473,25.26,83.43,19.44,25.42,71.86,16.9,2.55
1773440412,474,25.24,83.43,19.42,25.43,71.84,16.9,2.52
1773440413,475,25.25,83.45,19.44,25.42,71.87,16.9,2.54
1773440414,476,25.27,83.43,19.45,25.43,71.84,16.9,2.55
1773440415,477,25.26,83.43,19.44,25.41,71.8,16.87,2.57
1773440416,478,25.26,83.42,19.44,25.42,71.82,16.89,2.55
1773440417,479,25.24,83.44,19.42,25.41,71.79,16.87,2.55
1773440418,480,25.25,83.43,19.43,25.41,71.77,16.87,2.57
1773440419,481,25.24,83.43,19.42,25.39,71.77,16.85,2.57
1773440420,482,25.23,83.42,19.41,25.39,71.77,16.85,2.56
1773440421,483,25.23,83.46,19.42,25.39,71.73,16.84,2.58
1773440422,484,25.22,83.42,19.4,25.38,71.73,16.83,2.57
1773440423,485,25.22,83.43,19.4,25.38,71.75,16.83,2.57
1773440424,486,25.22,83.43,19.4,25.36,71.69,16.8,2.6
1773440425,487,25.23,83.44,19.41,25.38,71.71,16.82,2.59
1773440426,488,25.23,83.44,19.41,25.39,71.7,16.83,2.58
1773440427,489,25.2,83.42,19.37,25.38,71.7,16.82,2.55
1773440428,490,25.21,83.46,19.4,25.34,71.71,16.79,2.61
1773440429,491,25.2,83.43,19.38,25.38,71.68,16.82,2.56
1773440430,492,25.19,83.43,19.37,25.36,71.69,16.8,2.57
1773440431,493,25.21,83.46,19.4,25.37,71.7,16.81,2.58
1773440432,494,25.19,83.45,19.37,25.39,71.71,16.83,2.54
1773440433,495,25.18,83.46,19.36,25.36,71.7,16.8,2.56
1773440434,496,25.2,83.47,19.39,25.35,71.72,16.8,2.59
1773440435,497,25.17,83.46,19.35,25.38,71.69,16.82,2.53
1773440436,498,25.18,83.49,19.37,25.34,71.72,16.79,2.58
1773440437,499,25.16,83.49,19.35,25.37,71.7,16.81,2.54
1773440438,500,25.18,83.49,19.37,25.36,71.72,16.81,2.56
1773440439,501,25.18,83.49,19.37,25.33,71.7,16.77,2.59
1773440440,502,25.16,83.48,19.35,25.32,71.7,16.77,2.58
1773440441,503,25.15,83.53,19.35,25.34,71.68,16.78,2.57
1773440442,504,25.15,83.49,19.34,25.35,71.65,16.78,2.55
1773440443,505,25.14,83.48,19.32,25.34,71.63,16.77,2.56
1773440444,506,25.15,83.5,19.34,25.31,71.59,16.73,2.61
1773440445,507,25.15,83.53,19.35,25.36,71.59,16.78,2.57
1773440446,508,25.15,83.5,19.34,25.32,71.52,16.72,2.62
1773440447,509,25.12,83.52,19.31,25.31,71.52,16.71,2.6
1773440448,510,25.13,83.52,19.32,25.34,71.5,16.74,2.58
1773440449,511,25.13,83.52,19.32,25.33,71.47,16.72,2.6
1773440450,512,25.12,83.52,19.31,25.33,71.44,16.71,2.6
1773440451,513,25.13,83.53,19.32,25.31,71.38,16.68,2.64
1773440452,514,25.11,83.54,19.3,25.31,71.36,16.68,2.63
1773440453,515,25.12,83.54,19.32,25.33,71.34,16.69,2.63
1773440454,516,25.13,83.53,19.32,25.3,71.34,16.66,2.66
1773440455,517,25.08,83.52,19.27,25.29,71.32,16.65,2.62
1773440456,518,25.1,83.57,19.3,25.3,71.34,16.66,2.64
1773440457,519,25.11,83.55,19.31,25.3,71.34,16.66,2.64
1773440458,520,25.09,83.54,19.28,25.27,71.34,16.63,2.65
1773440459,521,25.1,83.55,19.3,25.27,71.37,16.64,2.65
1773440460,522,25.09,83.56,19.29,25.27,71.37,16.64,2.65
1773440461,523,25.09,83.57,19.29,25.27,71.4,16.65,2.64
1773440462,524,25.09,83.57,19.29,25.27,71.43,16.66,2.63
1773440463,525,25.08,83.58,19.28,25.27,71.41,16.65,2.63
1773440464,526,25.1,83.59,19.31,25.24,71.41,16.62,2.68
1773440465,527,25.08,83.59,19.28,25.24,71.42,16.63,2.66
1773440466,528,25.07,83.58,19.27,25.26,71.37,16.63,2.64
1773440467,529,25.09,83.59,19.29,25.26,71.31,16.62,2.68
1773440468,530,25.06,83.58,19.26,25.23,71.25,16.58,2.68
1773440469,531,25.07,83.58,19.27,25.24,71.21,16.58,2.69
1773440470,532,25.06,83.58,19.26,25.24,71.16,16.56,2.7
1773440471,533,25.04,83.58,19.24,25.23,71.15,16.55,2.69
1773440472,534,25.04,83.6,19.24,25.23,71.14,16.55,2.69
1773440473,535,25.04,83.6,19.24,25.24,71.15,16.56,2.68
1773440474,536,25.06,83.59,19.26,25.23,71.09,16.54,2.72
1773440475,537,25.04,83.61,19.25,25.23,71.09,16.54,2.71
1773440476,538,25.05,83.61,19.26,25.22,71.09,16.53,2.73
1773440477,539,25.05,83.6,19.25,25.2,71.1,16.51,2.74
1773440478,540,25.03,83.62,19.24,25.23,71.08,16.54,2.7
1773440479,541,25.06,83.61,19.27,25.22,71.11,16.53,2.73
1773440480,542,25.01,83.6,19.21,25.22,71.11,16.53,2.68
1773440481,543,25.02,83.63,19.23,25.22,71.11,16.53,2.69
1773440482,544,25.04,83.64,19.25,25.22,71.12,16.54,2.72
1773440483,545,25.02,83.64,19.23,25.21,71.14,16.53,2.7
1773440484,546,25.0,83.63,19.21,25.2,71.16,16.53,2.68
1773440485,547,25.01,83.65,19.22,25.22,71.12,16.54,2.69
1773440486,548,24.99,83.65,19.2,25.22,71.13,16.54,2.66
1773440487,549,25.01,83.64,19.22,25.19,71.12,16.51,2.71
1773440488,550,24.99,83.68,19.21,25.2,71.15,16.53,2.68
1773440489,551,24.99,83.66,19.2,25.2,71.13,16.52,2.68
1773440490,552,24.98,83.68,19.2,25.2,71.15,16.53,2.67
1773440491,553,24.99,83.66,19.2,25.2,71.14,16.52,2.68
1773440492,554,24.97,83.71,19.19,25.2,71.17,16.53,2.66
1773440493,555,24.97,83.7,19.19,25.19,71.15,16.52,2.67
1773440494,556,24.95,83.69,19.17,25.18,71.15,16.51,2.66
1773440495,557,24.99,83.71,19.21,25.19,71.15,16.52,2.7
1773440496,558,24.99,83.74,19.22,25.19,71.15,16.52,2.71
1773440497,559,24.95,83.7,19.17,25.19,71.19,16.53,2.64
1773440498,560,24.97,83.72,19.19,25.18,71.18,16.51,2.68
1773440499,561,24.97,83.75,19.2,25.18,71.16,16.51,2.69
1773440500,562,24.95,83.72,19.17,25.18,71.19,16.52,2.66
1773440501,563,24.94,83.74,19.17,25.19,71.18,16.52,2.64
1773440502,564,24.94,83.76,19.17,25.16,71.15,16.49,2.68
1773440503,565,24.94,83.77,19.17,25.14,71.11,16.46,2.71
1773440504,566,24.95,83.78,19.19,25.18,71.08,16.49,2.7
1773440505,567,24.91,83.77,19.14,25.15,71.09,16.46,2.68
1773440506,568,24.93,83.76,19.16,25.18,71.06,16.49,2.68
1773440507,569,24.91,83.8,19.15,25.18,71.05,16.48,2.67
1773440508,570,24.9,83.79,19.14,25.16,71.06,16.47,2.67
1773440509,571,24.92,83.8,19.16,25.14,71.03,16.44,2.72
1773440510,572,24.92,83.79,19.16,25.15,71.02,16.45,2.71
1773440511,573,24.91,83.81,19.15,25.15,71.06,16.46,2.69
1773440512,574,24.9,83.81,19.14,25.15,71.04,16.45,2.69
1773440513,575,24.9,83.81,19.14,25.14,71.04,16.44,2.7
1773440514,576,24.9,83.83,19.14,25.12,70.98,16.41,2.73
1773440515,577,24.88,83.83,19.12,25.11,70.89,16.38,2.74
1773440516,578,24.87,83.84,19.11,25.11,70.81,16.36,2.75
1773440517,579,24.86,83.81,19.1,25.14,70.75,16.38,2.72
1773440518,580,24.86,83.83,19.1,25.12,70.72,16.35,2.75
1773440519,581,24.86,83.85,19.11,25.1,70.71,16.33,2.78
1773440520,582,24.87,83.86,19.12,25.11,70.72,16.34,2.78
1773440521,583,24.86,83.86,19.11,25.11,70.7,16.34,2.77
1773440522,584,24.83,83.87,19.08,25.1,70.73,16.34,2.74
1773440523,585,24.82,83.88,19.07,25.11,70.7,16.34,2.73
1773440524,586,24.84,83.88,19.09,25.08,70.72,16.31,2.78
1773440525,587,24.84,83.92,19.1,25.11,70.7,16.34,2.76
1773440526,588,24.83,83.89,19.08,25.08,70.71,16.31,2.77
1773440527,589,24.82,83.92,19.08,25.08,70.72,16.31,2.76
1773440528,590,24.83,83.92,19.09,25.08,70.73,16.32,2.77
1773440529,591,24.82,83.93,19.08,25.08,70.7,16.31,2.77
1773440530,592,24.82,83.92,19.08,25.06,70.68,16.29,2.79
1773440531,593,24.8,83.93,19.06,25.09,70.66,16.31,2.75
1773440532,594,24.82,83.92,19.08,25.08,70.67,16.3,2.78
1773440533,595,24.8,83.95,19.06,25.06,70.65,16.28,2.78
1773440534,596,24.8,83.97,19.07,25.06,70.64,16.28,2.79
1773440535,597,24.79,83.95,19.05,25.07,70.67,16.29,2.76
1773440536,598,24.79,83.96,19.06,25.07,70.65,16.29,2.77
1773440537,599,24.78,83.96,19.05,25.06,70.68,16.29,2.76
1773440538,600,24.79,83.99,19.06,25.05,70.7,16.28,2.78
1773440539,601,24.77,83.99,19.04,25.07,70.71,16.3,2.74
1773440540,602,24.78,83.98,19.05,25.03,70.76,16.28,2.77
1773440541,603,24.76,83.98,19.03,25.05,70.76,16.3,2.73
1773440542,604,24.76,84.01,19.03,25.04,70.79,16.29,2.74
1773440543,605,24.78,84.0,19.05,25.02,70.8,16.28,2.78
1773440544,606,24.76,84.01,19.03,25.04,70.82,16.3,2.73
1773440545,607,24.77,84.03,19.05,25.04,70.84,16.31,2.74
1773440546,608,24.76,84.03,19.04,25.02,70.86,16.29,2.75
1773440547,609,24.77,84.03,19.05,25.03,70.85,16.3,2.75
1773440548,610,24.75,84.06,19.04,25.01,70.87,16.29,2.75
1773440549,611,24.75,84.06,19.04,25.02,70.87,16.29,2.74
1773440550,612,24.74,84.03,19.02,25.01,70.91,16.29,2.72
1773440551,613,24.75,84.04,19.03,25.0,70.91,16.29,2.75
1773440552,614,24.74,84.06,19.02,25.0,70.91,16.29,2.74
1773440553,615,24.76,84.1,19.06,25.0,70.93,16.29,2.77
1773440554,616,24.76,84.06,19.05,24.99,70.93,16.28,2.77
1773440555,617,24.72,84.08,19.01,24.98,70.94,16.27,2.73
1773440556,618,24.71,84.06,18.99,24.99,70.93,16.28,2.71
1773440557,619,24.71,84.09,19.0,24.98,70.93,16.27,2.73
1773440558,620,24.73,84.1,19.02,24.98,70.95,16.28,2.75
1773440559,621,24.73,84.1,19.02,24.99,70.94,16.28,2.74
1773440560,622,24.73,84.12,19.03,24.98,71.01,16.29,2.74
1773440561,623,24.71,84.11,19.0,24.98,71.03,16.29,2.71
1773440562,624,24.72,84.09,19.01,24.98,71.03,16.29,2.72
1773440563,625,24.71,84.11,19.0,24.99,71.08,16.32,2.69
1773440564,626,24.72,84.14,19.02,24.97,71.11,16.3,2.72
1773440565,627,24.72,84.14,19.02,24.95,71.11,16.29,2.74
1773440566,628,24.73,84.13,19.03,24.96,71.12,16.3,2.73
1773440567,629,24.73,84.15,19.03,24.96,71.15,16.3,2.73
1773440568,630,24.71,84.16,19.02,24.96,71.21,16.32,2.7
1773440569,631,24.71,84.17,19.02,24.96,71.26,16.33,2.69
1773440570,632,24.72,84.16,19.03,24.95,71.28,16.32,2.7
1773440571,633,24.73,84.17,19.04,24.97,71.34,16.36,2.68
1773440572,634,24.69,84.18,19.0,24.95,71.37,16.34,2.65
1773440573,635,24.71,84.18,19.02,24.95,71.41,16.35,2.67
1773440574,636,24.72,84.18,19.03,24.94,71.45,16.35,2.68
1773440575,637,24.71,84.17,19.02,24.94,71.48,16.36,2.66
1773440576,638,24.7,84.18,19.01,24.95,71.54,16.38,2.63
1773440577,639,24.71,84.18,19.02,24.96,71.56,16.4,2.62
1773440578,640,24.71,84.2,19.02,24.94,71.6,16.39,2.64
1773440579,641,24.71,84.21,19.03,24.95,71.65,16.41,2.62
1773440580,642,24.71,84.21,19.03,24.96,71.67,16.42,2.6
1773440581,643,24.71,84.21,19.03,24.95,71.71,16.42,2.6
1773440582,644,24.69,84.24,19.01,24.94,71.75,16.42,2.59
1773440583,645,24.71,84.24,19.03,24.92,71.78,16.41,2.62
1773440584,646,24.71,84.23,19.03,24.95,71.8,16.44,2.59
1773440585,647,24.71,84.21,19.03,24.94,71.81,16.44,2.59
1773440586,648,24.71,84.23,19.03,24.94,71.84,16.44,2.59
1773440587,649,24.71,84.24,19.03,24.93,71.82,16.43,2.6
1773440588,650,24.72,84.24,19.04,24.95,71.82,16.45,2.6
1773440589,651,24.71,84.24,19.03,24.93,71.82,16.43,2.6
1773440602,664,24.73,84.18,19.04,24.9,71.89,16.42,2.62
1773440603,665,24.72,84.16,19.03,24.93,71.89,16.45,2.58
1773440604,666,24.73,84.19,19.04,24.89,71.85,16.4,2.64
1773440605,667,24.73,84.18,19.04,24.92,71.85,16.43,2.61
1773440606,668,24.72,84.19,19.03,24.91,71.83,16.41,2.62
1773440607,669,24.73,84.18,19.04,24.9,71.84,16.41,2.63
1773440608,670,24.71,84.16,19.02,24.91,71.86,16.42,2.6
1773440609,671,24.72,84.16,19.03,24.9,71.83,16.4,2.62
1773440610,672,24.73,84.16,19.04,24.92,71.83,16.42,2.61
1773440611,673,24.72,84.15,19.02,24.91,71.83,16.41,2.61
1773440612,674,24.71,84.18,19.02,24.92,71.82,16.42,2.6
1773440613,675,24.72,84.17,19.03,24.92,71.82,16.42,2.61
1773440614,676,24.71,84.18,19.02,24.91,71.82,16.41,2.61
1773440615,677,24.7,84.17,19.01,24.88,71.82,16.38,2.62
1773440616,678,24.72,84.17,19.03,24.88,71.84,16.39,2.64
1773440617,679,24.7,84.17,19.01,24.91,71.84,16.42,2.59
1773440618,680,24.71,84.16,19.02,24.89,71.78,16.38,2.63
1773440619,681,24.71,84.18,19.02,24.9,71.81,16.4,2.62
1773440620,682,24.71,84.15,19.01,24.9,71.78,16.39,2.62
1773440621,683,24.72,84.17,19.03,24.88,71.73,16.36,2.67
1773440622,684,24.71,84.17,19.02,24.88,71.71,16.36,2.66
1773440623,685,24.72,84.19,19.03,24.9,71.68,16.37,2.66
1773440624,686,24.68,84.19,18.99,24.89,71.66,16.36,2.63
1773440625,687,24.69,84.18,19.0,24.9,71.63,16.36,2.64
1773440626,688,24.68,84.18,18.99,24.87,71.58,16.32,2.67
1773440627,689,24.67,84.17,18.97,24.9,71.59,16.35,2.63
1773440628,690,24.69,84.2,19.0,24.88,71.55,16.32,2.68
1773440629,691,24.67,84.21,18.98,24.88,71.55,16.32,2.66
1773440630,692,24.66,84.18,18.97,24.89,71.57,16.34,2.63
1773440631,693,24.68,84.19,18.99,24.89,71.58,16.34,2.65
1773440632,694,24.69,84.2,19.0,24.87,71.57,16.32,2.69
1773440633,695,24.67,84.21,18.98,24.86,71.61,16.32,2.67
1773440634,696,24.65,84.19,18.96,24.87,71.58,16.32,2.64
1773440635,697,24.68,84.2,18.99,24.87,71.61,16.33,2.67
1773440636,698,24.68,84.21,18.99,24.85,71.62,16.31,2.68
1773440637,699,24.64,84.2,18.95,24.84,71.65,16.31,2.64
1773440638,700,24.67,84.22,18.99,24.86,71.67,16.33,2.66
1773440639,701,24.65,84.21,18.96,24.87,71.68,16.34,2.62
1773440640,702,24.66,84.23,18.98,24.83,71.69,16.31,2.67
1773440641,703,24.65,84.21,18.96,24.85,71.69,16.33,2.64
1773440642,704,24.66,84.23,18.98,24.83,71.69,16.31,2.67
1773440643,705,24.67,84.23,18.99,24.84,71.69,16.32,2.67
1773440644,706,24.65,84.24,18.97,24.83,71.72,16.31,2.65
1773440645,707,24.65,84.22,18.96,24.84,71.76,16.33,2.63
1773440646,708,24.65,84.23,18.97,24.86,71.74,16.35,2.62
1773440647,709,24.64,84.23,18.96,24.82,71.78,16.32,2.64
1773440648,710,24.64,84.24,18.96,24.83,71.78,16.33,2.63
1773440649,711,24.66,84.24,18.98,24.84,71.81,16.34,2.64
1773440650,712,24.64,84.24,18.96,24.82,71.82,16.33,2.63
1773440651,713,24.65,84.25,18.97,24.84,71.83,16.35,2.62
1773440652,714,24.65,84.25,18.97,24.85,71.83,16.36,2.61
1773440653,715,24.66,84.27,18.99,24.82,71.84,16.33,2.65
1773440654,716,24.65,84.25,18.97,24.84,71.84,16.35,2.62
1773440655,717,24.64,84.25,18.96,24.85,71.84,16.36,2.6
1773440656,718,24.65,84.26,18.97,24.84,71.83,16.35,2.62
1773440657,719,24.64,84.27,18.97,24.82,71.85,16.33,2.63
1773440658,720,24.65,84.26,18.97,24.83,71.86,16.35,2.63
1773440659,721,24.64,84.25,18.96,24.83,71.84,16.34,2.62
1773440660,722,24.64,84.26,18.96,24.81,71.83,16.32,2.64
1773440661,723,24.65,84.26,18.97,24.83,71.77,16.33,2.65
1773440662,724,24.64,84.27,18.97,24.81,71.76,16.31,2.66
1773440663,725,24.65,84.28,18.98,24.82,71.72,16.31,2.67
1773440664,726,24.64,84.26,18.96,24.83,71.72,16.31,2.65
1773440665,727,24.64,84.25,18.96,24.81,71.68,16.29,2.67
1773440666,728,24.65,84.29,18.98,24.81,71.67,16.28,2.7
1773440667,729,24.65,84.26,18.97,24.81,71.69,16.29,2.68
1773440668,730,24.61,84.27,18.93,24.79,71.64,16.26,2.67
1773440669,731,24.61,84.24,18.93,24.81,71.63,16.28,2.65
1773440670,732,24.63,84.26,18.95,24.82,71.61,16.28,2.67
1773440671,733,24.61,84.25,18.93,24.79,71.6,16.25,2.68
1773440672,734,24.61,84.27,18.93,24.82,71.57,16.27,2.66
1773440673,735,24.64,84.27,18.97,24.81,71.56,16.26,2.71
1773440674,736,24.62,84.29,18.95,24.82,71.53,16.26,2.69
1773440675,737,24.61,84.27,18.93,24.79,71.54,16.24,2.7
1773440676,738,24.64,84.29,18.97,24.78,71.52,16.22,2.75
1773440677,739,24.6,84.28,18.92,24.78,71.54,16.23,2.7
1773440678,740,24.61,84.25,18.93,24.81,71.56,16.26,2.67
1773440679,741,24.6,84.28,18.92,24.8,71.56,16.25,2.67
1773440680,742,24.63,84.29,18.96,24.79,71.53,16.23,2.72
1773440681,743,24.6,84.27,18.92,24.8,71.52,16.24,2.68
1773440682,744,24.61,84.27,18.93,24.81,71.53,16.25,2.68
1773440683,745,24.61,84.27,18.93,24.8,71.51,16.24,2.69
1773440684,746,24.6,84.3,18.93,24.77,71.47,16.2,2.73
1773440685,747,24.6,84.29,18.93,24.79,71.5,16.23,2.7
1773440686,748,24.6,84.27,18.92,24.78,71.46,16.21,2.71
1773440687,749,24.58,84.29,18.91,24.76,71.45,16.19,2.72
1773440688,750,24.57,84.26,18.89,24.79,71.46,16.22,2.67
1773440689,751,24.57,84.27,18.89,24.77,71.49,16.21,2.68
1773440690,752,24.57,84.3,18.9,24.78,71.5,16.22,2.68
1773440691,753,24.59,84.3,18.92,24.75,71.52,16.2,2.72
1773440692,754,24.57,84.27,18.89,24.77,71.52,16.21,2.68
1773440693,755,24.57,84.29,18.89,24.79,71.51,16.23,2.66
1773440694,756,24.58,84.32,18.91,24.75,71.5,16.19,2.72
1773440695,757,24.57,84.28,18.89,24.76,71.51,16.2,2.69
1773440696,758,24.58,84.32,18.91,24.73,71.48,16.17,2.74
1773440697,759,24.55,84.3,18.88,24.76,71.47,16.19,2.68
1773440698,760,24.59,84.33,18.93,24.76,71.46,16.19,2.73
1773440699,761,24.56,84.34,18.9,24.76,71.44,16.19,2.71
1773440700,762,24.57,84.34,18.91,24.75,71.42,16.17,2.73
1773440701,763,24.57,84.32,18.9,24.73,71.42,16.16,2.75
1773440702,764,24.56,84.32,18.89,24.74,71.4,16.16,2.73
1773440703,765,24.57,84.32,18.9,24.74,71.42,16.16,2.74
1773440704,766,24.53,84.32,18.86,24.75,71.37,16.16,2.7
1773440705,767,24.56,84.33,18.89,24.73,71.37,16.14,2.75
1773440706,768,24.56,84.33,18.89,24.73,71.34,16.14,2.76
1773440707,769,24.54,84.32,18.87,24.74,71.31,16.14,2.73
1773440708,770,24.55,84.34,18.88,24.73,71.31,16.13,2.75
1773440709,771,24.54,84.33,18.87,24.73,71.3,16.13,2.74
1773440710,772,24.54,84.35,18.88,24.74,71.26,16.13,2.75
1773440711,773,24.55,84.34,18.88,24.73,71.22,16.11,2.78
1773440712,774,24.53,84.33,18.86,24.72,71.19,16.09,2.77
1773440713,775,24.53,84.34,18.86,24.75,71.22,16.13,2.74
1773440714,776,24.51,84.34,18.84,24.72,71.23,16.1,2.74
1773440715,777,24.53,84.34,18.86,24.72,71.24,16.11,2.76
1773440716,778,24.5,84.34,18.83,24.73,71.24,16.11,2.72
1773440717,779,24.52,84.36,18.86,24.71,71.21,16.09,2.77
1773440718,780,24.5,84.36,18.84,24.71,71.21,16.09,2.75
1773440719,781,24.51,84.37,18.85,24.72,71.17,16.09,2.76
1773440720,782,24.51,84.37,18.85,24.72,71.11,16.08,2.77
1773440721,783,24.5,84.38,18.84,24.7,71.05,16.04,2.8
1773440722,784,24.49,84.4,18.83,24.71,71.01,16.04,2.79
1773440723,785,24.48,84.39,18.82,24.69,70.95,16.01,2.81
1773440724,786,24.5,84.38,18.84,24.69,70.92,16.01,2.83
1773440725,787,24.49,84.39,18.83,24.69,70.89,16.0,2.83
1773440726,788,24.45,84.37,18.79,24.7,70.89,16.01,2.78
1773440727,789,24.48,84.41,18.83,24.68,70.83,15.98,2.85
1773440728,790,24.47,84.38,18.81,24.67,70.75,15.95,2.86
1773440729,791,24.5,84.41,18.85,24.68,70.7,15.95,2.9
1773440730,792,24.46,84.41,18.8,24.67,70.66,15.93,2.88
1773440731,793,24.46,84.39,18.8,24.67,70.63,15.92,2.88
1773440732,794,24.46,84.39,18.8,24.66,70.63,15.91,2.89
1773440733,795,24.46,84.4,18.8,24.67,70.64,15.92,2.88
1773440734,796,24.45,84.39,18.79,24.66,70.62,15.91,2.88
1773440735,797,24.45,84.4,18.79,24.64,70.67,15.9,2.89
1773440736,798,24.45,84.37,18.79,24.66,70.67,15.92,2.86
1773440737,799,24.42,84.38,18.76,24.66,70.72,15.93,2.82
1773440738,800,24.42,84.4,18.76,24.66,70.72,15.93,2.83
1773440739,801,24.45,84.42,18.8,24.66,70.75,15.94,2.86
1773440740,802,24.42,84.41,18.76,24.67,70.74,15.95,2.82
1773440741,803,24.43,84.41,18.77,24.64,70.73,15.92,2.85
1773440742,804,24.41,84.41,18.75,24.65,70.79,15.94,2.81
1773440743,805,24.42,84.43,18.77,24.63,70.79,15.92,2.84
1773440744,806,24.41,84.47,18.77,24.66,70.8,15.95,2.81
1773440745,807,24.41,84.44,18.76,24.64,70.82,15.94,2.82
1773440746,808,24.41,84.46,18.76,24.67,70.87,15.98,2.79
1773440747,809,24.38,84.47,18.73,24.64,70.88,15.95,2.78
1773440748,810,24.4,84.47,18.75,24.64,70.91,15.96,2.8
1773440749,811,24.4,84.47,18.75,24.66,70.98,15.99,2.76
1773440750,812,24.41,84.49,18.77,24.64,70.98,15.97,2.8
1773440751,813,24.41,84.5,18.77,24.62,71.06,15.97,2.8
1773440752,814,24.39,84.49,18.75,24.64,71.04,15.99,2.76
1773440753,815,24.39,84.51,18.75,24.62,71.09,15.98,2.77
1773440754,816,24.39,84.53,18.76,24.62,71.13,15.99,2.77
1773440755,817,24.39,84.51,18.75,24.63,71.15,16.0,2.75
1773440756,818,24.38,84.55,18.75,24.66,71.21,16.04,2.71
1773440757,819,24.4,84.55,18.77,24.64,71.22,16.03,2.74
1773440758,820,24.39,84.52,18.75,24.63,71.22,16.02,2.74
1773440759,821,24.37,84.56,18.74,24.62,71.25,16.02,2.73
1773440760,822,24.4,84.57,18.78,24.64,71.22,16.03,2.75
1773440761,823,24.37,84.55,18.74,24.64,71.21,16.03,2.71
1773440762,824,24.39,84.54,18.76,24.61,71.18,15.99,2.77
1773440763,825,24.39,84.55,18.76,24.63,71.19,16.01,2.75
1773440764,826,24.4,84.56,18.77,24.63,71.18,16.01,2.76
1773440765,827,24.38,84.57,18.76,24.6,71.16,15.98,2.78
1773440766,828,24.37,84.55,18.74,24.62,71.21,16.01,2.73
1773440767,829,24.33,84.56,18.7,24.61,71.22,16.0,2.7
1773440768,830,24.37,84.58,18.75,24.63,71.25,16.03,2.72
1773440769,831,24.37,84.53,18.74,24.61,71.27,16.01,2.72
1773440770,832,24.34,84.55,18.71,24.6,71.26,16.0,2.71
1773440771,833,24.38,84.57,18.76,24.6,71.27,16.0,2.75
1773440772,834,24.39,84.59,18.77,24.61,71.26,16.01,2.76
1773440773,835,24.36,84.56,18.73,24.63,71.26,16.03,2.7
1773440774,836,24.37,84.57,18.74,24.59,71.22,15.98,2.76
1773440775,837,24.37,84.57,18.74,24.6,71.2,15.99,2.76
1773440776,838,24.37,84.58,18.75,24.6,71.09,15.96,2.78
1773440777,839,24.35,84.58,18.73,24.61,71.05,15.96,2.76
1773440778,840,24.36,84.59,18.74,24.6,70.93,15.93,2.81
1773440779,841,24.33,84.57,18.7,24.59,70.89,15.91,2.79
1773440780,842,24.34,84.58,18.72,24.57,70.86,15.88,2.83
1773440781,843,24.33,84.57,18.7,24.59,70.83,15.9,2.81
1773440782,844,24.35,84.58,18.73,24.58,70.79,15.88,2.85
1773440783,845,24.32,84.58,18.69,24.57,70.8,15.87,2.82
1773440784,846,24.33,84.58,18.7,24.56,70.8,15.86,2.84
1773440785,847,24.31,84.54,18.67,24.56,70.81,15.86,2.81
1773440786,848,24.33,84.56,18.7,24.55,70.82,15.86,2.84
1773440787,849,24.29,84.55,18.66,24.55,70.79,15.85,2.81
1773440788,850,24.3,84.55,18.67,24.52,70.82,15.83,2.84
1773440789,851,24.31,84.57,18.68,24.54,70.82,15.85,2.83
1773440790,852,24.3,84.55,18.67,24.54,70.83,15.85,2.82
1773440791,853,24.32,84.53,18.68,24.54,70.86,15.86,2.83
1773440792,854,24.32,84.57,18.69,24.54,70.85,15.86,2.84
1773440793,855,24.3,84.55,18.67,24.53,70.88,15.85,2.81
1773440794,856,24.3,84.52,18.66,24.53,70.91,15.86,2.8
1773440795,857,24.29,84.56,18.66,24.52,70.9,15.85,2.81
1773440796,858,24.31,84.56,18.68,24.52,70.88,15.84,2.84
1773440797,859,24.3,84.57,18.67,24.53,70.92,15.86,2.81
1773440798,860,24.28,84.55,18.65,24.51,70.95,15.85,2.79
1773440799,861,24.29,84.56,18.66,24.53,70.94,15.87,2.79
1773440800,862,24.26,84.54,18.62,24.53,70.95,15.87,2.75
1773440801,863,24.28,84.57,18.65,24.52,71.0,15.87,2.78
1773440802,864,24.28,84.59,18.65,24.5,70.99,15.85,2.8
1773440803,865,24.29,84.59,18.66,24.52,71.02,15.88,2.79
1773440804,866,24.25,84.57,18.62,24.52,71.04,15.88,2.74
1773440805,867,24.29,84.59,18.66,24.5,71.07,15.87,2.8
1773440806,868,24.25,84.58,18.62,24.52,71.11,15.9,2.72
1773440807,869,24.28,84.61,18.66,24.51,71.13,15.89,2.77
1773440808,870,24.26,84.61,18.64,24.52,71.16,15.91,2.73
1773440809,871,24.27,84.6,18.65,24.5,71.25,15.91,2.74
1773440810,872,24.27,84.62,18.65,24.5,71.21,15.9,2.75
1773440811,873,24.27,84.63,18.65,24.5,71.2,15.9,2.75
1773440812,874,24.26,84.63,18.64,24.51,71.2,15.91,2.74
1773440813,875,24.27,84.64,18.65,24.48,71.17,15.87,2.78
1773440814,876,24.28,84.63,18.66,24.49,71.14,15.88,2.79
1773440815,877,24.28,84.65,18.67,24.5,71.15,15.89,2.78
1773440816,878,24.28,84.65,18.67,24.49,71.15,15.88,2.79
1773440817,879,24.28,84.66,18.67,24.48,71.09,15.86,2.81
1773440818,880,24.26,84.63,18.64,24.49,71.1,15.87,2.78
1773440819,881,24.27,84.65,18.66,24.49,71.04,15.85,2.8
1773440820,882,24.26,84.64,18.64,24.49,71.04,15.85,2.79
1773440821,883,24.26,84.65,18.65,24.51,71.05,15.87,2.77
1773440822,884,24.26,84.67,18.65,24.5,71.03,15.86,2.79
1773440823,885,24.26,84.66,18.65,24.49,71.07,15.86,2.79
1773440824,886,24.26,84.65,18.65,24.46,71.08,15.84,2.81
1773440825,887,24.25,84.65,18.64,24.49,71.15,15.88,2.76
1773440826,888,24.22,84.65,18.6,24.49,71.15,15.88,2.73
1773440827,889,24.27,84.67,18.66,24.48,71.15,15.87,2.79
1773440828,890,24.24,84.65,18.63,24.5,71.13,15.88,2.74
1773440829,891,24.25,84.65,18.64,24.45,71.16,15.84,2.79
1773440830,892,24.25,84.66,18.64,24.47,71.16,15.86,2.78
1773440831,893,24.25,84.65,18.64,24.48,71.16,15.87,2.76
1773440832,894,24.24,84.66,18.63,24.46,71.18,15.86,2.77
1773440833,895,24.23,84.69,18.62,24.46,71.21,15.86,2.76
1773440834,896,24.23,84.68,18.62,24.46,71.22,15.87,2.75
1773440835,897,24.23,84.68,18.62,24.46,71.25,15.87,2.75
1773440836,898,24.24,84.68,18.63,24.47,71.26,15.88,2.75
1773440837,899,24.24,84.68,18.63,24.49,71.25,15.9,2.73
1773440838,900,24.24,84.68,18.63,24.46,71.26,15.88,2.76
1773440839,901,24.22,84.67,18.61,24.46,71.26,15.88,2.73
1773440840,902,24.22,84.69,18.61,24.45,71.23,15.86,2.75
1773440841,903,24.22,84.71,18.62,24.46,71.25,15.87,2.74
1773440842,904,24.22,84.72,18.62,24.47,71.3,15.89,2.73
1773440843,905,24.22,84.69,18.61,24.44,71.28,15.86,2.75
1773440844,906,24.22,84.7,18.62,24.45,71.31,15.88,2.74
1773440845,907,24.22,84.68,18.61,24.44,71.29,15.86,2.75
1773440846,908,24.21,84.69,18.6,24.47,71.37,15.91,2.69
1773440847,909,24.23,84.7,18.63,24.46,71.39,15.9,2.72
1773440848,910,24.22,84.71,18.62,24.44,71.42,15.89,2.72
1773440849,911,24.22,84.68,18.61,24.46,71.45,15.92,2.69
1773440850,912,24.22,84.7,18.62,24.44,71.42,15.89,2.72
1773440851,913,24.22,84.7,18.62,24.45,71.44,15.91,2.71
1773440852,914,24.22,84.7,18.62,24.44,71.44,15.9,2.72
1773440853,915,24.22,84.72,18.62,24.46,71.47,15.92,2.7
1773440854,916,24.23,84.72,18.63,24.44,71.47,15.9,2.73
1773440855,917,24.21,84.69,18.6,24.46,71.47,15.92,2.68
1773440856,918,24.21,84.71,18.61,24.45,71.42,15.9,2.7
1773440857,919,24.22,84.72,18.62,24.44,71.44,15.9,2.72
1773440858,920,24.21,84.73,18.61,24.47,71.42,15.92,2.69
1773440859,921,24.2,84.74,18.6,24.45,71.41,15.9,2.7
1773440860,922,24.22,84.73,18.62,24.44,71.42,15.89,2.73
1773440861,923,24.21,84.71,18.61,24.41,71.41,15.86,2.74
1773440862,924,24.22,84.73,18.62,24.43,71.41,15.88,2.74
1773440863,925,24.2,84.72,18.6,24.43,71.39,15.88,2.72
1773440864,926,24.2,84.71,18.6,24.44,71.4,15.89,2.71
1773440865,927,24.21,84.73,18.61,24.43,71.4,15.88,2.73
1773440866,928,24.2,84.71,18.6,24.44,71.4,15.89,2.71
1773440867,929,24.19,84.71,18.59,24.43,71.42,15.88,2.7
1773440868,930,24.18,84.71,18.58,24.44,71.44,15.9,2.68
1773440869,931,24.18,84.72,18.58,24.42,71.45,15.88,2.7
1773440870,932,24.19,84.71,18.59,24.41,71.49,15.88,2.7
1773440871,933,24.21,84.72,18.61,24.43,71.49,15.9,2.71
1773440872,934,24.21,84.73,18.61,24.43,71.53,15.91,2.7
1773440873,935,24.17,84.72,18.57,24.45,71.53,15.93,2.64
1773440874,936,24.21,84.74,18.61,24.4,71.53,15.88,2.73
1773440875,937,24.17,84.74,18.57,24.41,71.57,15.9,2.67
1773440876,938,24.17,84.73,18.57,24.41,71.58,15.9,2.67
1773440877,939,24.19,84.74,18.59,24.43,71.58,15.92,2.67
1773440878,940,24.19,84.76,18.6,24.42,71.57,15.91,2.69
1773440879,941,24.18,84.77,18.59,24.43,71.54,15.91,2.68
1773440880,942,24.21,84.77,18.62,24.43,71.55,15.91,2.71
1773440881,943,24.17,84.75,18.57,24.42,71.55,15.9,2.67
1773440882,944,24.18,84.78,18.59,24.41,71.48,15.88,2.71
1773440883,945,24.18,84.76,18.59,24.41,71.46,15.87,2.71
1773440884,946,24.19,84.78,18.6,24.42,71.42,15.87,2.73
1773440885,947,24.18,84.75,18.58,24.4,71.35,15.84,2.74
1773440886,948,24.17,84.77,18.58,24.43,71.28,15.85,2.73
1773440887,949,24.18,84.76,18.59,24.43,71.23,15.84,2.74
1773440888,950,24.18,84.77,18.59,24.41,71.19,15.81,2.77
1773440889,951,24.18,84.76,18.59,24.42,71.16,15.82,2.77
1773440890,952,24.18,84.76,18.59,24.41,71.12,15.8,2.79
1773440891,953,24.17,84.75,18.57,24.4,71.15,15.8,2.78
1773440892,954,24.14,84.72,18.54,24.39,71.11,15.78,2.76
1773440893,955,24.17,84.74,18.57,24.41,71.12,15.8,2.77
1773440894,956,24.17,84.75,18.57,24.39,71.15,15.79,2.79
1773440895,957,24.16,84.74,18.56,24.41,71.15,15.81,2.75
1773440896,958,24.16,84.74,18.56,24.39,71.19,15.8,2.76
1773440897,959,24.17,84.74,18.57,24.39,71.22,15.8,2.77
1773440898,960,24.16,84.76,18.57,24.4,71.23,15.81,2.75
1773440899,961,24.15,84.73,18.55,24.41,71.24,15.83,2.72
1773440900,962,24.13,84.73,18.53,24.4,71.26,15.82,2.71
1773440901,963,24.16,84.75,18.56,24.39,71.31,15.82,2.74
1773440902,964,24.14,84.75,18.54,24.36,71.32,15.8,2.74
1773440903,965,24.16,84.77,18.57,24.38,71.36,15.83,2.74
1773440904,966,24.14,84.74,18.54,24.4,71.36,15.84,2.7
1773440905,967,24.15,84.76,18.55,24.37,71.37,15.82,2.74
1773440906,968,24.16,84.76,18.57,24.4,71.4,15.85,2.71
1773440907,969,24.16,84.78,18.57,24.39,71.4,15.84,2.73
1773440908,970,24.14,84.77,18.55,24.39,71.4,15.84,2.7
1773440909,971,24.16,84.78,18.57,24.4,71.43,15.86,2.71
1773440910,972,24.14,84.77,18.55,24.39,71.41,15.85,2.7
1773440911,973,24.14,84.79,18.55,24.39,71.42,15.85,2.7
1773440912,974,24.13,84.79,18.54,24.39,71.36,15.83,2.71
1773440913,975,24.16,84.8,18.57,24.38,71.32,15.82,2.76
1773440914,976,24.13,84.8,18.54,24.39,71.29,15.82,2.72
1773440915,977,24.12,84.78,18.53,24.38,71.27,15.81,2.72
1773440916,978,24.12,84.8,18.53,24.36,71.22,15.78,2.75
1773440917,979,24.15,84.8,18.56,24.37,71.19,15.78,2.78
1773440918,980,24.12,84.79,18.53,24.37,71.19,15.78,2.75
1773440919,981,24.12,84.77,18.53,24.37,71.14,15.77,2.76
1773440920,982,24.12,84.79,18.53,24.37,71.17,15.77,2.75
1773440921,983,24.12,84.8,18.53,24.38,71.14,15.78,2.75
1773440922,984,24.11,84.8,18.52,24.36,71.14,15.76,2.76
1773440923,985,24.11,84.78,18.52,24.36,71.11,15.75,2.76
1773440924,986,24.12,84.82,18.54,24.35,71.13,15.75,2.79
1773440925,987,24.11,84.81,18.52,24.35,71.13,15.75,2.78
1773440926,988,24.11,84.81,18.52,24.38,71.13,15.77,2.75
1773440927,989,24.1,84.79,18.51,24.34,71.15,15.74,2.77
1773440928,990,24.11,84.8,18.52,24.36,71.12,15.75,2.77
1773440929,991,24.09,84.81,18.5,24.35,71.15,15.75,2.75
1773440930,992,24.11,84.81,18.52,24.35,71.14,15.75,2.77
1773440931,993,24.11,84.79,18.52,24.36,71.16,15.76,2.76
1773440932,994,24.09,84.82,18.5,24.37,71.18,15.78,2.73
1773440933,995,24.11,84.81,18.52,24.37,71.22,15.79,2.74
1773440934,996,24.1,84.79,18.51,24.34,71.22,15.76,2.75
1773440935,997,24.08,84.82,18.49,24.35,71.25,15.77,2.72
1773440936,998,24.08,84.8,18.49,24.37,71.29,15.8,2.69
1773440937,999,24.11,84.84,18.53,24.37,71.32,15.81,2.72
1773440938,1000,24.09,84.83,18.51,24.35,71.38,15.8,2.7
1773440939,1001,24.09,84.81,18.5,24.34,71.36,15.79,2.71
1773440940,1002,24.09,84.83,18.51,24.35,71.43,15.81,2.69
1773440941,1003,24.08,84.84,18.5,24.34,71.45,15.81,2.69
1773440942,1004,24.1,84.84,18.52,24.34,71.47,15.81,2.71
1773440943,1005,24.09,84.86,18.51,24.34,71.47,15.81,2.7
1773440944,1006,24.09,84.86,18.51,24.34,71.53,15.83,2.69
1773440945,1007,24.09,84.85,18.51,24.35,71.57,15.85,2.67
1773440946,1008,24.09,84.86,18.51,24.34,71.56,15.83,2.68
1773440947,1009,24.06,84.88,18.49,24.35,71.59,15.85,2.64
1773440948,1010,24.08,84.85,18.5,24.34,71.63,15.85,2.65
1773440949,1011,24.08,84.88,18.51,24.34,71.63,15.85,2.66
1773440950,1012,24.09,84.87,18.52,24.35,71.6,15.85,2.66
1773440951,1013,24.09,84.91,18.52,24.34,71.55,15.83,2.69
1773440952,1014,24.07,84.87,18.49,24.33,71.56,15.83,2.67
1773440953,1015,24.08,84.87,18.51,24.34,71.55,15.83,2.67
1773440954,1016,24.08,84.9,18.51,24.35,71.57,15.85,2.67
1773440955,1017,24.09,84.88,18.52,24.35,71.57,15.85,2.67
1773440956,1018,24.08,84.88,18.51,24.34,71.59,15.84,2.67
1773440957,1019,24.09,84.88,18.52,24.36,71.62,15.87,2.65
1773440958,1020,24.08,84.87,18.51,24.33,71.63,15.84,2.66
1773440959,1021,24.11,84.89,18.54,24.33,71.63,15.84,2.7
1773440960,1022,24.08,84.86,18.5,24.33,71.67,15.85,2.65
1773440961,1023,24.09,84.87,18.52,24.34,71.66,15.86,2.66
1773440962,1024,24.09,84.87,18.52,24.34,71.66,15.86,2.66
1773440963,1025,24.09,84.87,18.52,24.34,71.7,15.87,2.65
1773440964,1026,24.08,84.87,18.51,24.34,71.72,15.87,2.64
1773440965,1027,24.11,84.88,18.54,24.33,71.69,15.85,2.68
1773440966,1028,24.07,84.88,18.5,24.36,71.66,15.87,2.62
1773440967,1029,24.09,84.87,18.52,24.36,71.67,15.88,2.64
1773440968,1030,24.1,84.87,18.53,24.34,71.64,15.85,2.67
1773440969,1031,24.1,84.87,18.53,24.35,71.62,15.86,2.67
1773440970,1032,24.06,84.87,18.48,24.35,71.59,15.85,2.63
1773440971,1033,24.08,84.89,18.51,24.34,71.57,15.84,2.67
1773440972,1034,24.11,84.9,18.54,24.33,71.53,15.82,2.72
1773440973,1035,24.06,84.87,18.48,24.35,71.53,15.84,2.65
1773440974,1036,24.06,84.85,18.48,24.33,71.49,15.81,2.67
1773440975,1037,24.09,84.88,18.52,24.34,71.5,15.82,2.7
1773440976,1038,24.06,84.87,18.48,24.36,71.5,15.84,2.65
1773440977,1039,24.08,84.88,18.51,24.33,71.52,15.82,2.69
1773440978,1040,24.07,84.86,18.49,24.33,71.52,15.82,2.68
1773440979,1041,24.09,84.9,18.52,24.32,71.55,15.81,2.71
1773440980,1042,24.08,84.87,18.51,24.33,71.55,15.82,2.68
1773440981,1043,24.06,84.87,18.48,24.31,71.52,15.8,2.69
1773440982,1044,24.06,84.86,18.48,24.31,71.55,15.81,2.68
1773440983,1045,24.06,84.88,18.49,24.33,71.55,15.82,2.66
1773440984,1046,24.08,84.87,18.51,24.31,71.53,15.8,2.7
1773440985,1047,24.09,84.87,18.52,24.32,71.56,15.82,2.7
1773440986,1048,24.08,84.85,18.5,24.33,71.56,15.83,2.68
1773440987,1049,24.07,84.87,18.49,24.33,71.58,15.83,2.66
1773440988,1050,24.08,84.84,18.5,24.31,71.58,15.81,2.69
1773440989,1051,24.08,84.87,18.51,24.29,71.59,15.8,2.71
1773440990,1052,24.09,84.88,18.52,24.32,71.59,15.82,2.69
1773440991,1053,24.07,84.86,18.49,24.33,71.64,15.84,2.65
1773440992,1054,24.08,84.88,18.51,24.32,71.65,15.84,2.67
1773440993,1055,24.05,84.86,18.47,24.33,71.69,15.85,2.62
1773440994,1056,24.07,84.86,18.49,24.31,71.69,15.84,2.66
1773440995,1057,24.08,84.89,18.51,24.31,71.72,15.84,2.67
1773440996,1058,24.05,84.87,18.47,24.3,71.71,15.83,2.64
1773440997,1059,24.08,84.87,18.51,24.31,71.7,15.84,2.67
1773440998,1060,24.06,84.9,18.49,24.3,71.68,15.83,2.67
1773440999,1061,24.08,84.9,18.51,24.31,71.67,15.83,2.68
1773441000,1062,24.07,84.87,18.49,24.3,71.66,15.82,2.67
1773441001,1063,24.06,84.88,18.49,24.32,71.66,15.84,2.65
1773441002,1064,24.07,84.9,18.5,24.32,71.63,15.83,2.67
1773441003,1065,24.08,84.89,18.51,24.29,71.58,15.79,2.72
1773441004,1066,24.07,84.89,18.5,24.3,71.56,15.8,2.7
1773441005,1067,24.05,84.9,18.48,24.29,71.52,15.78,2.7
1773441006,1068,24.06,84.91,18.49,24.31,71.48,15.79,2.7
1773441007,1069,24.06,84.9,18.49,24.3,71.49,15.78,2.71
1773441008,1070,24.06,84.9,18.49,24.28,71.47,15.76,2.73
1773441009,1071,24.06,84.88,18.49,24.3,71.45,15.77,2.71
1773441010,1072,24.06,84.9,18.49,24.3,71.43,15.77,2.72
1773441011,1073,24.05,84.87,18.47,24.31,71.46,15.79,2.69
1773441012,1074,24.04,84.86,18.46,24.29,71.44,15.76,2.7
1773441013,1075,24.04,84.86,18.46,24.29,71.44,15.76,2.7
1773441014,1076,24.06,84.89,18.49,24.27,71.45,15.75,2.74
1773441015,1077,24.07,84.88,18.5,24.29,71.46,15.77,2.73
1773441016,1078,24.03,84.87,18.45,24.31,71.46,15.79,2.67
1773441017,1079,24.05,84.89,18.48,24.3,71.46,15.78,2.7
1773441018,1080,24.05,84.86,18.47,24.29,71.48,15.77,2.7
1773441019,1081,24.07,84.88,18.5,24.32,71.51,15.81,2.69
1773441020,1082,24.06,84.87,18.48,24.3,71.57,15.8,2.68
1773441021,1083,24.06,84.87,18.48,24.29,71.59,15.8,2.69
1773441022,1084,24.06,84.9,18.49,24.29,71.59,15.8,2.69
1773441023,1085,24.05,84.87,18.47,24.27,71.61,15.78,2.69
1773441024,1086,24.05,84.87,18.47,24.28,71.62,15.79,2.68
1773441025,1087,24.05,84.88,18.48,24.28,71.62,15.79,2.68
1773441026,1088,24.04,84.88,18.47,24.3,71.65,15.82,2.65
1773441027,1089,24.04,84.88,18.47,24.32,71.66,15.84,2.63
1773441028,1090,24.06,84.89,18.49,24.28,71.66,15.8,2.69
1773441029,1091,24.05,84.88,18.48,24.28,71.66,15.8,2.67
1773441030,1092,24.04,84.88,18.47,24.28,71.69,15.81,2.66
1773441031,1093,24.06,84.89,18.49,24.27,71.7,15.8,2.69
1773441032,1094,24.08,84.9,18.51,24.29,71.69,15.82,2.69
1773441033,1095,24.04,84.88,18.47,24.28,71.69,15.81,2.66
1773441034,1096,24.05,84.9,18.48,24.28,71.71,15.81,2.67
1773441035,1097,24.07,84.9,18.5,24.3,71.68,15.83,2.68
1773441036,1098,24.04,84.9,18.47,24.29,71.65,15.81,2.66
1773441037,1099,24.05,84.92,18.48,24.28,71.65,15.8,2.68
1773441038,1100,24.06,84.89,18.49,24.27,71.61,15.78,2.71
1773441039,1101,24.05,84.9,18.48,24.29,71.62,15.8,2.68
1773441040,1102,24.06,84.9,18.49,24.29,71.61,15.8,2.69
1773441041,1103,24.04,84.9,18.47,24.29,71.6,15.8,2.67
1773441042,1104,24.04,84.92,18.47,24.28,71.6,15.79,2.68
1773441043,1105,24.03,84.87,18.45,24.28,71.63,15.8,2.66
1773441044,1106,24.03,84.89,18.46,24.27,71.65,15.79,2.67
1773441045,1107,24.06,84.88,18.49,24.26,71.7,15.79,2.69
1773441046,1108,24.04,84.88,18.47,24.28,71.68,15.81,2.66
1773441047,1109,24.06,84.9,18.49,24.27,71.72,15.81,2.68
1773441048,1110,24.04,84.88,18.47,24.25,71.73,15.79,2.67
1773441049,1111,24.03,84.88,18.46,24.26,71.72,15.8,2.66
1773441050,1112,24.05,84.89,18.48,24.28,71.75,15.82,2.66
1773441051,1113,24.04,84.89,18.47,24.27,71.76,15.82,2.65
1773441052,1114,24.05,84.88,18.48,24.26,71.77,15.81,2.67
1773441053,1115,24.04,84.9,18.47,24.28,71.74,15.82,2.65
1773441054,1116,24.05,84.9,18.48,24.28,71.75,15.82,2.66
1773441055,1117,24.07,84.9,18.5,24.26,71.74,15.8,2.7
1773441056,1118,24.05,84.88,18.48,24.26,71.71,15.8,2.68
1773441057,1119,24.05,84.91,18.48,24.26,71.7,15.79,2.69
1773441058,1120,24.07,84.9,18.5,24.27,71.72,15.81,2.69
1773441059,1121,24.05,84.9,18.48,24.28,71.71,15.81,2.67
1773441060,1122,24.05,84.89,18.48,24.28,71.71,15.81,2.66
1773441061,1123,24.05,84.89,18.48,24.25,71.68,15.78,2.7
1773441062,1124,24.05,84.9,18.48,24.27,71.7,15.8,2.68
1773441063,1125,24.05,84.9,18.48,24.26,71.67,15.79,2.69
1773441064,1126,24.03,84.89,18.46,24.28,71.67,15.8,2.65
1773441065,1127,24.04,84.89,18.47,24.27,71.66,15.79,2.67
1773441066,1128,24.04,84.89,18.47,24.26,71.63,15.78,2.69
1773441067,1129,24.05,84.9,18.48,24.27,71.61,15.78,2.7
1773441085,1147,24.01,84.89,18.44,24.29,71.27,15.73,2.71
1773441086,1148,24.02,84.9,18.45,24.26,71.22,15.69,2.76
1773441087,1149,23.99,84.89,18.42,24.25,71.19,15.67,2.74
1773441088,1150,23.98,84.9,18.41,24.3,71.19,15.72,2.69
1773441089,1151,24.01,84.9,18.44,24.28,71.16,15.69,2.75
1773441090,1152,23.98,84.9,18.41,24.28,71.2,15.7,2.71
1773441091,1153,24.0,84.91,18.43,24.28,71.23,15.71,2.72
1773441092,1154,24.0,84.91,18.43,24.27,71.26,15.71,2.72
1773441093,1155,24.01,84.92,18.44,24.28,71.27,15.72,2.73
1773441094,1156,23.99,84.9,18.42,24.27,71.28,15.71,2.71
1773441095,1157,24.0,84.92,18.43,24.24,71.34,15.7,2.74
1773441096,1158,24.01,84.92,18.44,24.28,71.36,15.74,2.71
1773441097,1159,23.98,84.93,18.41,24.27,71.39,15.73,2.68
1773441098,1160,24.01,84.92,18.44,24.26,71.41,15.73,2.71
1773441099,1161,23.99,84.92,18.42,24.27,71.43,15.74,2.68
1773441100,1162,24.01,84.94,18.45,24.24,71.46,15.72,2.72
1773441101,1163,24.0,84.94,18.44,24.26,71.49,15.75,2.69
1773441102,1164,24.01,84.95,18.45,24.26,71.52,15.75,2.7
1773441103,1165,23.99,84.93,18.42,24.28,71.53,15.77,2.65
1773441104,1166,24.0,84.94,18.44,24.26,71.56,15.76,2.67
1773441105,1167,23.99,84.91,18.42,24.25,71.6,15.76,2.66
1773441106,1168,24.02,84.96,18.46,24.28,71.6,15.79,2.67
1773441107,1169,24.01,84.92,18.44,24.26,71.63,15.78,2.66
1773441108,1170,24.01,84.96,18.45,24.25,71.66,15.78,2.68
1773441109,1171,24.01,84.95,18.45,24.26,71.71,15.8,2.65
1773441110,1172,23.98,84.95,18.42,24.25,71.71,15.79,2.63
1773441111,1173,24.01,84.96,18.45,24.25,71.7,15.78,2.67
1773441112,1174,24.02,84.94,18.46,24.26,71.72,15.8,2.66
1773441113,1175,24.01,84.95,18.45,24.26,71.74,15.8,2.65
1773441114,1176,24.01,84.96,18.45,24.24,71.74,15.78,2.67
1773441115,1177,24.0,84.95,18.44,24.26,71.75,15.8,2.63
1773441116,1178,24.0,84.92,18.43,24.24,71.69,15.77,2.66
1773441117,1179,24.0,84.94,18.44,24.25,71.69,15.78,2.65
1773441118,1180,24.0,84.96,18.44,24.26,71.66,15.78,2.66
1773441119,1181,24.0,84.96,18.44,24.23,71.66,15.76,2.68
1773441120,1182,23.99,84.94,18.43,24.25,71.63,15.77,2.66
1773441121,1183,23.99,84.96,18.43,24.25,71.62,15.77,2.66
1773441122,1184,23.98,84.94,18.42,24.25,71.64,15.77,2.64
1773441123,1185,23.98,84.96,18.42,24.24,71.65,15.76,2.66
1773441124,1186,24.01,84.95,18.45,24.26,71.68,15.79,2.66
1773441125,1187,24.0,84.95,18.44,24.24,71.67,15.77,2.67
1773441126,1188,23.98,84.94,18.42,24.24,71.66,15.77,2.65
1773441127,1189,24.0,84.95,18.44,24.24,71.66,15.77,2.67
1773441128,1190,23.99,84.94,18.43,24.22,71.65,15.75,2.68
1773441129,1191,23.98,84.96,18.42,24.23,71.62,15.75,2.67
1773441130,1192,24.0,84.95,18.44,24.24,71.62,15.76,2.68
1773441131,1193,23.99,84.95,18.43,24.21,71.64,15.74,2.69
1773441132,1194,23.99,84.94,18.43,24.25,71.62,15.77,2.66
1773441133,1195,24.0,84.97,18.44,24.24,71.62,15.76,2.69
1773441134,1196,23.99,84.96,18.43,24.23,71.64,15.75,2.68
1773441135,1197,23.99,84.97,18.43,24.24,71.69,15.77,2.66
1773441136,1198,23.99,84.95,18.43,24.24,71.69,15.77,2.65
1773441137,1199,24.0,84.97,18.44,24.23,71.73,15.77,2.67
1773441138,1200,23.99,84.95,18.43,24.22,71.72,15.76,2.67
1773441139,1201,23.99,84.97,18.43,24.26,71.75,15.8,2.63
1773441140,1202,23.99,85.0,18.44,24.25,71.78,15.8,2.64
1773441141,1203,23.98,84.97,18.42,24.22,71.8,15.78,2.64
1773441142,1204,23.98,84.97,18.42,24.24,71.83,15.8,2.62
1773441143,1205,23.98,84.96,18.42,24.24,71.85,15.81,2.61
1773441144,1206,23.99,84.98,18.43,24.24,71.87,15.81,2.62
1773441145,1207,23.99,84.97,18.43,24.24,71.9,15.82,2.61
1773441146,1208,24.0,84.97,18.44,24.24,71.93,15.83,2.62
1773441147,1209,23.98,84.99,18.43,24.25,71.95,15.84,2.59
1773441148,1210,24.0,84.95,18.44,24.26,71.95,15.85,2.59
1773441149,1211,23.99,84.98,18.43,24.24,72.0,15.84,2.59
1773441150,1212,23.99,84.98,18.43,24.22,71.98,15.82,2.62
1773441151,1213,23.99,84.98,18.43,24.24,72.0,15.84,2.59
1773441152,1214,24.01,84.99,18.46,24.24,72.02,15.85,2.61
1773441153,1215,23.99,84.98,18.43,24.26,72.03,15.87,2.57
1773441154,1216,23.99,84.99,18.44,24.24,72.04,15.85,2.59
1773441155,1217,23.99,84.98,18.43,24.24,72.02,15.85,2.59
1773441156,1218,24.01,84.96,18.45,24.25,72.04,15.86,2.59
1773441157,1219,24.02,84.99,18.47,24.22,72.06,15.84,2.63
1773441158,1220,24.02,84.98,18.47,24.24,72.1,15.86,2.6
1773441159,1221,24.01,84.97,18.45,24.24,72.1,15.86,2.59
1773441160,1222,24.01,84.99,18.46,24.24,72.07,15.86,2.6
1773441161,1223,24.0,85.0,18.45,24.26,72.12,15.89,2.56
1773441162,1224,24.01,84.99,18.46,24.25,72.13,15.88,2.58
1773441171,1233,24.02,85.01,18.47,24.25,72.15,15.88,2.59
1773441172,1234,24.03,85.0,18.48,24.28,72.17,15.92,2.57
1773441173,1235,24.01,84.97,18.45,24.28,72.17,15.92,2.54
1773441174,1236,24.01,84.97,18.45,24.26,72.19,15.9,2.55
1773441175,1237,24.01,85.0,18.46,24.28,72.19,15.92,2.54
1773441176,1238,24.0,84.98,18.45,24.25,72.18,15.89,2.55
1773441177,1239,24.01,84.97,18.45,24.29,72.22,15.94,2.52
1773441178,1240,23.99,84.97,18.43,24.27,72.21,15.92,2.52
1773441179,1241,24.02,84.99,18.47,24.28,72.25,15.93,2.54
1773441180,1242,24.0,84.96,18.44,24.26,72.23,15.91,2.53
1773441181,1243,24.0,84.98,18.45,24.26,72.22,15.91,2.54
1773441182,1244,24.03,84.98,18.48,24.24,72.2,15.89,2.59
1773441183,1245,24.0,84.99,18.45,24.25,72.23,15.9,2.55
1773441184,1246,24.01,84.98,18.46,24.26,72.22,15.91,2.55
1773441185,1247,24.02,84.96,18.46,24.25,72.22,15.9,2.56
1773441186,1248,24.02,84.97,18.46,24.29,72.21,15.93,2.53
1773441187,1249,24.01,84.97,18.45,24.26,72.23,15.91,2.54
1773441188,1250,24.01,84.95,18.45,24.24,72.2,15.89,2.56
1773441189,1251,24.02,84.95,18.46,24.26,72.22,15.91,2.55
1773441190,1252,24.03,84.97,18.47,24.28,72.19,15.92,2.56
1773441191,1253,24.0,84.94,18.44,24.25,72.19,15.89,2.54
1773441192,1254,24.0,84.92,18.43,24.23,72.18,15.87,2.56
1773441193,1255,24.02,84.95,18.46,24.25,72.13,15.88,2.58
1773441194,1256,24.0,84.96,18.44,24.25,72.15,15.88,2.56
1773441195,1257,24.0,84.98,18.45,24.24,72.14,15.87,2.57
1773441196,1258,24.01,84.95,18.45,24.25,72.11,15.88,2.57
1773441197,1259,24.02,84.97,18.46,24.25,72.15,15.88,2.58
1773441198,1260,24.02,84.98,18.47,24.26,72.14,15.89,2.58
1773441199,1261,24.02,84.96,18.46,24.25,72.1,15.87,2.59
1773441200,1262,24.02,84.94,18.46,24.26,72.13,15.89,2.57
1773441201,1263,24.0,84.96,18.44,24.27,72.07,15.88,2.56
1773441202,1264,24.0,84.96,18.44,24.23,72.05,15.84,2.6
1773441203,1265,24.0,84.95,18.44,24.24,72.02,15.85,2.59
1773441204,1266,24.0,84.95,18.44,24.24,71.99,15.84,2.6
1773441205,1267,23.97,84.95,18.41,24.26,71.96,15.85,2.56
1773441206,1268,24.0,84.97,18.44,24.26,71.95,15.85,2.59
1773441207,1269,23.98,84.93,18.41,24.24,71.93,15.83,2.59
1773441208,1270,23.99,84.95,18.43,24.24,71.86,15.81,2.62
1773441209,1271,23.98,84.94,18.42,24.24,71.83,15.8,2.61
1773441210,1272,23.98,84.95,18.42,24.24,71.77,15.79,2.63
1773441211,1273,23.99,84.95,18.43,24.24,71.72,15.78,2.65
1773441212,1274,23.99,84.94,18.43,24.24,71.71,15.78,2.65
1773441213,1275,23.98,84.95,18.42,24.22,71.69,15.76,2.66
1773441214,1276,23.99,84.94,18.43,24.24,71.7,15.78,2.65
1773441215,1277,23.99,84.94,18.43,24.24,71.71,15.78,2.65
1773441216,1278,24.0,84.97,18.44,24.24,71.73,15.78,2.66
1773441217,1279,23.98,84.93,18.41,24.24,71.76,15.79,2.62
1773441218,1280,23.99,84.97,18.43,24.26,71.76,15.81,2.63
1773441219,1281,23.99,84.99,18.44,24.24,71.77,15.79,2.65
1773441220,1282,23.98,84.96,18.42,24.24,71.81,15.8,2.62
1773441221,1283,24.0,84.96,18.44,24.24,71.85,15.81,2.63
1773441222,1284,23.98,84.99,18.43,24.25,71.85,15.82,2.61
1773441223,1285,23.98,84.96,18.42,24.23,71.84,15.8,2.62
1773441224,1286,23.99,84.96,18.43,24.23,71.89,15.81,2.62
1773441225,1287,23.97,84.97,18.41,24.22,71.9,15.8,2.61
1773441226,1288,23.98,84.96,18.42,24.26,71.91,15.84,2.58
1773441227,1289,23.99,84.95,18.43,24.24,71.9,15.82,2.61
1773441228,1290,24.0,84.96,18.44,24.21,71.92,15.8,2.64
1773441229,1291,23.96,84.95,18.4,24.26,71.93,15.84,2.55
1773441230,1292,23.98,84.96,18.42,24.24,71.91,15.82,2.6
1773441231,1293,23.99,84.94,18.43,24.22,71.9,15.8,2.62
1773441232,1294,23.99,84.96,18.43,24.23,71.93,15.82,2.61
1773441233,1295,23.98,84.96,18.42,24.24,71.94,15.83,2.59
1773441234,1296,23.98,84.95,18.42,24.22,71.96,15.82,2.6
1773441235,1297,23.99,84.96,18.43,24.21,71.96,15.81,2.62
1773441236,1298,23.99,84.95,18.43,24.22,71.95,15.81,2.62
1773441237,1299,23.98,84.97,18.42,24.24,71.97,15.84,2.59
1773441238,1300,24.0,84.98,18.45,24.26,71.98,15.86,2.59
1773441239,1301,23.99,84.96,18.43,24.24,72.02,15.85,2.58
1773441240,1302,24.0,84.99,18.45,24.22,72.01,15.83,2.62
1773441241,1303,23.99,84.99,18.44,24.2,72.02,15.81,2.63
1773441242,1304,23.98,85.0,18.43,24.21,72.05,15.83,2.6
1773441243,1305,24.0,84.98,18.45,24.22,72.04,15.83,2.61
1773441244,1306,23.99,84.98,18.43,24.22,72.07,15.84,2.6
1773441245,1307,24.0,85.0,18.45,24.22,72.08,15.84,2.61
1773441246,1308,24.02,84.99,18.47,24.23,72.1,15.85,2.61
1773441247,1309,23.99,84.97,18.43,24.22,72.1,15.85,2.59
1773441248,1310,23.98,84.97,18.42,24.23,72.09,15.85,2.57
1773441249,1311,23.98,84.98,18.42,24.22,72.11,15.85,2.58
1773441250,1312,24.0,84.99,18.45,24.22,72.15,15.86,2.59
1773441251,1313,24.0,84.98,18.45,24.25,72.15,15.88,2.56
1773441252,1314,23.99,84.99,18.44,24.24,72.17,15.88,2.56
1773441253,1315,24.0,85.0,18.45,24.22,72.2,15.87,2.58
1773441254,1316,24.01,84.99,18.46,24.25,72.2,15.89,2.56
1773441255,1317,24.02,85.01,18.47,24.2,72.22,15.85,2.62
1773441256,1318,24.0,84.97,18.44,24.21,72.21,15.86,2.58
1773441257,1319,24.0,84.99,18.45,24.24,72.24,15.89,2.55
1773441258,1320,24.01,84.97,18.45,24.21,72.22,15.86,2.59
1773441259,1321,24.01,84.99,18.46,24.25,72.26,15.91,2.55
1773441260,1322,24.01,84.99,18.46,24.22,72.23,15.87,2.58
1773441261,1323,24.01,84.98,18.46,24.24,72.25,15.9,2.56
1773441262,1324,24.01,84.97,18.45,24.24,72.28,15.9,2.55
1773441263,1325,24.02,84.98,18.47,24.23,72.28,15.89,2.57
1773441264,1326,24.01,84.98,18.46,24.21,72.26,15.87,2.58
1773441265,1327,24.01,84.96,18.45,24.24,72.29,15.91,2.55
1773441266,1328,24.02,84.99,18.47,24.22,72.3,15.89,2.58
1773441267,1329,24.01,84.97,18.45,24.24,72.34,15.92,2.54
1773441268,1330,24.03,84.99,18.48,24.21,72.34,15.89,2.59
1773441269,1331,24.01,84.97,18.45,24.24,72.35,15.92,2.53
1773441270,1332,24.03,84.98,18.48,24.23,72.35,15.91,2.57
1773441271,1333,24.02,84.96,18.46,24.21,72.36,15.89,2.57
1773441272,1334,24.03,84.98,18.48,24.21,72.37,15.9,2.58
1773441273,1335,24.04,84.99,18.49,24.23,72.36,15.91,2.58
1773441274,1336,24.02,84.97,18.46,24.22,72.36,15.9,2.56
1773441275,1337,24.02,84.97,18.46,24.21,72.39,15.9,2.56
1773441276,1338,24.03,84.96,18.47,24.24,72.41,15.93,2.54
1773441277,1339,24.03,84.98,18.48,24.21,72.38,15.9,2.58
1773441278,1340,24.05,84.97,18.5,24.22,72.43,15.92,2.58
1773441279,1341,24.01,84.95,18.45,24.19,72.41,15.89,2.56
1773441280,1342,24.02,84.96,18.46,24.22,72.4,15.91,2.55
1773441281,1343,24.03,84.97,18.47,24.21,72.44,15.91,2.56
1773441282,1344,24.04,84.96,18.48,24.2,72.47,15.91,2.57
1773441283,1345,24.04,84.98,18.49,24.22,72.47,15.93,2.56
1773441284,1346,24.03,84.97,18.47,24.23,72.5,15.94,2.53
1773441285,1347,24.02,84.98,18.47,24.22,72.47,15.93,2.54
1773441286,1348,24.03,84.95,18.47,24.22,72.51,15.94,2.53
